0 info it worked if it ends with ok
1 verbose cli [ 'node', '/usr/local/bin/npm', 'install' ]
2 info using npm@1.4.28
3 info using node@v0.10.35
4 verbose readDependencies using package.json deps
5 verbose install where, deps [ '/Users/joshhead/Documents/Github/dial4dough.dev',
5 verbose install   [ 'btoa',
5 verbose install     'ejs',
5 verbose install     'escodegen',
5 verbose install     'gulp',
5 verbose install     'gulp-autoprefixer',
5 verbose install     'gulp-browserify',
5 verbose install     'gulp-compass',
5 verbose install     'gulp-concat',
5 verbose install     'gulp-connect',
5 verbose install     'gulp-if',
5 verbose install     'gulp-less',
5 verbose install     'gulp-minify-css',
5 verbose install     'gulp-minify-html',
5 verbose install     'gulp-notify',
5 verbose install     'gulp-uglify',
5 verbose install     'gulp-util',
5 verbose install     'jquery',
5 verbose install     'node-sass',
5 verbose install     'npm-shrinkwrap',
5 verbose install     'remarkable',
5 verbose install     'vinyl-fs' ] ]
6 info preinstall dial4dough.com@0.0.1
7 verbose readDependencies using package.json deps
8 verbose cache add [ 'btoa@~1.1.2', null ]
9 verbose cache add name=undefined spec="btoa@~1.1.2" args=["btoa@~1.1.2",null]
10 verbose parsed url { protocol: null,
10 verbose parsed url   slashes: null,
10 verbose parsed url   auth: null,
10 verbose parsed url   host: null,
10 verbose parsed url   port: null,
10 verbose parsed url   hostname: null,
10 verbose parsed url   hash: null,
10 verbose parsed url   search: null,
10 verbose parsed url   query: null,
10 verbose parsed url   pathname: 'btoa@~1.1.2',
10 verbose parsed url   path: 'btoa@~1.1.2',
10 verbose parsed url   href: 'btoa@~1.1.2' }
11 verbose cache add [ 'ejs@~1.0.0', null ]
12 verbose cache add name=undefined spec="ejs@~1.0.0" args=["ejs@~1.0.0",null]
13 verbose parsed url { protocol: null,
13 verbose parsed url   slashes: null,
13 verbose parsed url   auth: null,
13 verbose parsed url   host: null,
13 verbose parsed url   port: null,
13 verbose parsed url   hostname: null,
13 verbose parsed url   hash: null,
13 verbose parsed url   search: null,
13 verbose parsed url   query: null,
13 verbose parsed url   pathname: 'ejs@~1.0.0',
13 verbose parsed url   path: 'ejs@~1.0.0',
13 verbose parsed url   href: 'ejs@~1.0.0' }
14 verbose cache add name="btoa" spec="~1.1.2" args=["btoa","~1.1.2"]
15 verbose parsed url { protocol: null,
15 verbose parsed url   slashes: null,
15 verbose parsed url   auth: null,
15 verbose parsed url   host: null,
15 verbose parsed url   port: null,
15 verbose parsed url   hostname: null,
15 verbose parsed url   hash: null,
15 verbose parsed url   search: null,
15 verbose parsed url   query: null,
15 verbose parsed url   pathname: '~1.1.2',
15 verbose parsed url   path: '~1.1.2',
15 verbose parsed url   href: '~1.1.2' }
16 verbose addNamed [ 'btoa', '~1.1.2' ]
17 verbose addNamed [ null, '>=1.1.2-0 <1.2.0-0' ]
18 verbose cache add [ 'escodegen@^1.5.0', null ]
19 verbose cache add name=undefined spec="escodegen@^1.5.0" args=["escodegen@^1.5.0",null]
20 verbose parsed url { protocol: null,
20 verbose parsed url   slashes: null,
20 verbose parsed url   auth: null,
20 verbose parsed url   host: null,
20 verbose parsed url   port: null,
20 verbose parsed url   hostname: null,
20 verbose parsed url   hash: null,
20 verbose parsed url   search: null,
20 verbose parsed url   query: null,
20 verbose parsed url   pathname: 'escodegen@^1.5.0',
20 verbose parsed url   path: 'escodegen@^1.5.0',
20 verbose parsed url   href: 'escodegen@^1.5.0' }
21 verbose cache add [ 'gulp@^3.8.7', null ]
22 verbose cache add name=undefined spec="gulp@^3.8.7" args=["gulp@^3.8.7",null]
23 verbose parsed url { protocol: null,
23 verbose parsed url   slashes: null,
23 verbose parsed url   auth: null,
23 verbose parsed url   host: null,
23 verbose parsed url   port: null,
23 verbose parsed url   hostname: null,
23 verbose parsed url   hash: null,
23 verbose parsed url   search: null,
23 verbose parsed url   query: null,
23 verbose parsed url   pathname: 'gulp@^3.8.7',
23 verbose parsed url   path: 'gulp@^3.8.7',
23 verbose parsed url   href: 'gulp@^3.8.7' }
24 verbose cache add name="ejs" spec="~1.0.0" args=["ejs","~1.0.0"]
25 verbose parsed url { protocol: null,
25 verbose parsed url   slashes: null,
25 verbose parsed url   auth: null,
25 verbose parsed url   host: null,
25 verbose parsed url   port: null,
25 verbose parsed url   hostname: null,
25 verbose parsed url   hash: null,
25 verbose parsed url   search: null,
25 verbose parsed url   query: null,
25 verbose parsed url   pathname: '~1.0.0',
25 verbose parsed url   path: '~1.0.0',
25 verbose parsed url   href: '~1.0.0' }
26 verbose addNamed [ 'ejs', '~1.0.0' ]
27 verbose addNamed [ null, '>=1.0.0-0 <1.1.0-0' ]
28 silly lockFile 7a8901a8-btoa-1-1-2 btoa@~1.1.2
29 verbose lock btoa@~1.1.2 /Users/joshhead/.npm/7a8901a8-btoa-1-1-2.lock
30 silly lockFile 9e596aab-ejs-1-0-0 ejs@~1.0.0
31 verbose lock ejs@~1.0.0 /Users/joshhead/.npm/9e596aab-ejs-1-0-0.lock
32 verbose cache add name="escodegen" spec="^1.5.0" args=["escodegen","^1.5.0"]
33 verbose parsed url { protocol: null,
33 verbose parsed url   slashes: null,
33 verbose parsed url   auth: null,
33 verbose parsed url   host: null,
33 verbose parsed url   port: null,
33 verbose parsed url   hostname: null,
33 verbose parsed url   hash: null,
33 verbose parsed url   search: null,
33 verbose parsed url   query: null,
33 verbose parsed url   pathname: '^1.5.0',
33 verbose parsed url   path: '^1.5.0',
33 verbose parsed url   href: '^1.5.0' }
34 verbose addNamed [ 'escodegen', '^1.5.0' ]
35 verbose addNamed [ null, '>=1.5.0-0 <2.0.0-0' ]
36 silly lockFile 979f0cd9-escodegen-1-5-0 escodegen@^1.5.0
37 verbose lock escodegen@^1.5.0 /Users/joshhead/.npm/979f0cd9-escodegen-1-5-0.lock
38 verbose cache add [ 'gulp-autoprefixer@^2.0.0', null ]
39 verbose cache add name=undefined spec="gulp-autoprefixer@^2.0.0" args=["gulp-autoprefixer@^2.0.0",null]
40 verbose parsed url { protocol: null,
40 verbose parsed url   slashes: null,
40 verbose parsed url   auth: null,
40 verbose parsed url   host: null,
40 verbose parsed url   port: null,
40 verbose parsed url   hostname: null,
40 verbose parsed url   hash: null,
40 verbose parsed url   search: null,
40 verbose parsed url   query: null,
40 verbose parsed url   pathname: 'gulp-autoprefixer@^2.0.0',
40 verbose parsed url   path: 'gulp-autoprefixer@^2.0.0',
40 verbose parsed url   href: 'gulp-autoprefixer@^2.0.0' }
41 verbose cache add [ 'gulp-browserify@^0.5.0', null ]
42 verbose cache add name=undefined spec="gulp-browserify@^0.5.0" args=["gulp-browserify@^0.5.0",null]
43 verbose parsed url { protocol: null,
43 verbose parsed url   slashes: null,
43 verbose parsed url   auth: null,
43 verbose parsed url   host: null,
43 verbose parsed url   port: null,
43 verbose parsed url   hostname: null,
43 verbose parsed url   hash: null,
43 verbose parsed url   search: null,
43 verbose parsed url   query: null,
43 verbose parsed url   pathname: 'gulp-browserify@^0.5.0',
43 verbose parsed url   path: 'gulp-browserify@^0.5.0',
43 verbose parsed url   href: 'gulp-browserify@^0.5.0' }
44 verbose cache add [ 'gulp-compass@^2.0.3', null ]
45 verbose cache add name=undefined spec="gulp-compass@^2.0.3" args=["gulp-compass@^2.0.3",null]
46 verbose parsed url { protocol: null,
46 verbose parsed url   slashes: null,
46 verbose parsed url   auth: null,
46 verbose parsed url   host: null,
46 verbose parsed url   port: null,
46 verbose parsed url   hostname: null,
46 verbose parsed url   hash: null,
46 verbose parsed url   search: null,
46 verbose parsed url   query: null,
46 verbose parsed url   pathname: 'gulp-compass@^2.0.3',
46 verbose parsed url   path: 'gulp-compass@^2.0.3',
46 verbose parsed url   href: 'gulp-compass@^2.0.3' }
47 verbose cache add name="gulp" spec="^3.8.7" args=["gulp","^3.8.7"]
48 verbose parsed url { protocol: null,
48 verbose parsed url   slashes: null,
48 verbose parsed url   auth: null,
48 verbose parsed url   host: null,
48 verbose parsed url   port: null,
48 verbose parsed url   hostname: null,
48 verbose parsed url   hash: null,
48 verbose parsed url   search: null,
48 verbose parsed url   query: null,
48 verbose parsed url   pathname: '^3.8.7',
48 verbose parsed url   path: '^3.8.7',
48 verbose parsed url   href: '^3.8.7' }
49 verbose addNamed [ 'gulp', '^3.8.7' ]
50 verbose addNamed [ null, '>=3.8.7-0 <4.0.0-0' ]
51 silly lockFile f00a0921-gulp-3-8-7 gulp@^3.8.7
52 verbose lock gulp@^3.8.7 /Users/joshhead/.npm/f00a0921-gulp-3-8-7.lock
53 verbose cache add name="gulp-autoprefixer" spec="^2.0.0" args=["gulp-autoprefixer","^2.0.0"]
54 verbose parsed url { protocol: null,
54 verbose parsed url   slashes: null,
54 verbose parsed url   auth: null,
54 verbose parsed url   host: null,
54 verbose parsed url   port: null,
54 verbose parsed url   hostname: null,
54 verbose parsed url   hash: null,
54 verbose parsed url   search: null,
54 verbose parsed url   query: null,
54 verbose parsed url   pathname: '^2.0.0',
54 verbose parsed url   path: '^2.0.0',
54 verbose parsed url   href: '^2.0.0' }
55 verbose addNamed [ 'gulp-autoprefixer', '^2.0.0' ]
56 verbose addNamed [ null, '>=2.0.0-0 <3.0.0-0' ]
57 silly lockFile 48e238dc-gulp-autoprefixer-2-0-0 gulp-autoprefixer@^2.0.0
58 verbose lock gulp-autoprefixer@^2.0.0 /Users/joshhead/.npm/48e238dc-gulp-autoprefixer-2-0-0.lock
59 verbose cache add name="gulp-browserify" spec="^0.5.0" args=["gulp-browserify","^0.5.0"]
60 verbose parsed url { protocol: null,
60 verbose parsed url   slashes: null,
60 verbose parsed url   auth: null,
60 verbose parsed url   host: null,
60 verbose parsed url   port: null,
60 verbose parsed url   hostname: null,
60 verbose parsed url   hash: null,
60 verbose parsed url   search: null,
60 verbose parsed url   query: null,
60 verbose parsed url   pathname: '^0.5.0',
60 verbose parsed url   path: '^0.5.0',
60 verbose parsed url   href: '^0.5.0' }
61 verbose addNamed [ 'gulp-browserify', '^0.5.0' ]
62 verbose addNamed [ null, '>=0.5.0-0 <0.6.0-0' ]
63 silly lockFile e60463ea-gulp-browserify-0-5-0 gulp-browserify@^0.5.0
64 verbose lock gulp-browserify@^0.5.0 /Users/joshhead/.npm/e60463ea-gulp-browserify-0-5-0.lock
65 verbose cache add name="gulp-compass" spec="^2.0.3" args=["gulp-compass","^2.0.3"]
66 verbose parsed url { protocol: null,
66 verbose parsed url   slashes: null,
66 verbose parsed url   auth: null,
66 verbose parsed url   host: null,
66 verbose parsed url   port: null,
66 verbose parsed url   hostname: null,
66 verbose parsed url   hash: null,
66 verbose parsed url   search: null,
66 verbose parsed url   query: null,
66 verbose parsed url   pathname: '^2.0.3',
66 verbose parsed url   path: '^2.0.3',
66 verbose parsed url   href: '^2.0.3' }
67 verbose addNamed [ 'gulp-compass', '^2.0.3' ]
68 verbose addNamed [ null, '>=2.0.3-0 <3.0.0-0' ]
69 silly lockFile 5d34bc74-gulp-compass-2-0-3 gulp-compass@^2.0.3
70 verbose lock gulp-compass@^2.0.3 /Users/joshhead/.npm/5d34bc74-gulp-compass-2-0-3.lock
71 verbose cache add [ 'gulp-concat@^2.3.4', null ]
72 verbose cache add name=undefined spec="gulp-concat@^2.3.4" args=["gulp-concat@^2.3.4",null]
73 verbose parsed url { protocol: null,
73 verbose parsed url   slashes: null,
73 verbose parsed url   auth: null,
73 verbose parsed url   host: null,
73 verbose parsed url   port: null,
73 verbose parsed url   hostname: null,
73 verbose parsed url   hash: null,
73 verbose parsed url   search: null,
73 verbose parsed url   query: null,
73 verbose parsed url   pathname: 'gulp-concat@^2.3.4',
73 verbose parsed url   path: 'gulp-concat@^2.3.4',
73 verbose parsed url   href: 'gulp-concat@^2.3.4' }
74 verbose cache add [ 'gulp-connect@^2.0.6', null ]
75 verbose cache add name=undefined spec="gulp-connect@^2.0.6" args=["gulp-connect@^2.0.6",null]
76 verbose parsed url { protocol: null,
76 verbose parsed url   slashes: null,
76 verbose parsed url   auth: null,
76 verbose parsed url   host: null,
76 verbose parsed url   port: null,
76 verbose parsed url   hostname: null,
76 verbose parsed url   hash: null,
76 verbose parsed url   search: null,
76 verbose parsed url   query: null,
76 verbose parsed url   pathname: 'gulp-connect@^2.0.6',
76 verbose parsed url   path: 'gulp-connect@^2.0.6',
76 verbose parsed url   href: 'gulp-connect@^2.0.6' }
77 verbose cache add [ 'gulp-if@^1.2.4', null ]
78 verbose cache add name=undefined spec="gulp-if@^1.2.4" args=["gulp-if@^1.2.4",null]
79 verbose parsed url { protocol: null,
79 verbose parsed url   slashes: null,
79 verbose parsed url   auth: null,
79 verbose parsed url   host: null,
79 verbose parsed url   port: null,
79 verbose parsed url   hostname: null,
79 verbose parsed url   hash: null,
79 verbose parsed url   search: null,
79 verbose parsed url   query: null,
79 verbose parsed url   pathname: 'gulp-if@^1.2.4',
79 verbose parsed url   path: 'gulp-if@^1.2.4',
79 verbose parsed url   href: 'gulp-if@^1.2.4' }
80 silly addNameRange { name: 'btoa', range: '>=1.1.2-0 <1.2.0-0', hasData: false }
81 silly addNameRange { name: 'ejs', range: '>=1.0.0-0 <1.1.0-0', hasData: false }
82 silly addNameRange { name: 'escodegen',
82 silly addNameRange   range: '>=1.5.0-0 <2.0.0-0',
82 silly addNameRange   hasData: false }
83 verbose cache add name="gulp-concat" spec="^2.3.4" args=["gulp-concat","^2.3.4"]
84 verbose parsed url { protocol: null,
84 verbose parsed url   slashes: null,
84 verbose parsed url   auth: null,
84 verbose parsed url   host: null,
84 verbose parsed url   port: null,
84 verbose parsed url   hostname: null,
84 verbose parsed url   hash: null,
84 verbose parsed url   search: null,
84 verbose parsed url   query: null,
84 verbose parsed url   pathname: '^2.3.4',
84 verbose parsed url   path: '^2.3.4',
84 verbose parsed url   href: '^2.3.4' }
85 verbose addNamed [ 'gulp-concat', '^2.3.4' ]
86 verbose addNamed [ null, '>=2.3.4-0 <3.0.0-0' ]
87 silly lockFile 25c49fc1-gulp-concat-2-3-4 gulp-concat@^2.3.4
88 verbose lock gulp-concat@^2.3.4 /Users/joshhead/.npm/25c49fc1-gulp-concat-2-3-4.lock
89 verbose cache add name="gulp-connect" spec="^2.0.6" args=["gulp-connect","^2.0.6"]
90 verbose parsed url { protocol: null,
90 verbose parsed url   slashes: null,
90 verbose parsed url   auth: null,
90 verbose parsed url   host: null,
90 verbose parsed url   port: null,
90 verbose parsed url   hostname: null,
90 verbose parsed url   hash: null,
90 verbose parsed url   search: null,
90 verbose parsed url   query: null,
90 verbose parsed url   pathname: '^2.0.6',
90 verbose parsed url   path: '^2.0.6',
90 verbose parsed url   href: '^2.0.6' }
91 verbose addNamed [ 'gulp-connect', '^2.0.6' ]
92 verbose addNamed [ null, '>=2.0.6-0 <3.0.0-0' ]
93 silly lockFile 61b90084-gulp-connect-2-0-6 gulp-connect@^2.0.6
94 verbose lock gulp-connect@^2.0.6 /Users/joshhead/.npm/61b90084-gulp-connect-2-0-6.lock
95 verbose cache add name="gulp-if" spec="^1.2.4" args=["gulp-if","^1.2.4"]
96 verbose parsed url { protocol: null,
96 verbose parsed url   slashes: null,
96 verbose parsed url   auth: null,
96 verbose parsed url   host: null,
96 verbose parsed url   port: null,
96 verbose parsed url   hostname: null,
96 verbose parsed url   hash: null,
96 verbose parsed url   search: null,
96 verbose parsed url   query: null,
96 verbose parsed url   pathname: '^1.2.4',
96 verbose parsed url   path: '^1.2.4',
96 verbose parsed url   href: '^1.2.4' }
97 verbose addNamed [ 'gulp-if', '^1.2.4' ]
98 verbose addNamed [ null, '>=1.2.4-0 <2.0.0-0' ]
99 silly lockFile cc1c858e-gulp-if-1-2-4 gulp-if@^1.2.4
100 verbose lock gulp-if@^1.2.4 /Users/joshhead/.npm/cc1c858e-gulp-if-1-2-4.lock
101 verbose cache add [ 'gulp-less@^2.0.1', null ]
102 verbose cache add name=undefined spec="gulp-less@^2.0.1" args=["gulp-less@^2.0.1",null]
103 verbose parsed url { protocol: null,
103 verbose parsed url   slashes: null,
103 verbose parsed url   auth: null,
103 verbose parsed url   host: null,
103 verbose parsed url   port: null,
103 verbose parsed url   hostname: null,
103 verbose parsed url   hash: null,
103 verbose parsed url   search: null,
103 verbose parsed url   query: null,
103 verbose parsed url   pathname: 'gulp-less@^2.0.1',
103 verbose parsed url   path: 'gulp-less@^2.0.1',
103 verbose parsed url   href: 'gulp-less@^2.0.1' }
104 verbose cache add [ 'gulp-minify-css@^0.3.11', null ]
105 verbose cache add name=undefined spec="gulp-minify-css@^0.3.11" args=["gulp-minify-css@^0.3.11",null]
106 verbose parsed url { protocol: null,
106 verbose parsed url   slashes: null,
106 verbose parsed url   auth: null,
106 verbose parsed url   host: null,
106 verbose parsed url   port: null,
106 verbose parsed url   hostname: null,
106 verbose parsed url   hash: null,
106 verbose parsed url   search: null,
106 verbose parsed url   query: null,
106 verbose parsed url   pathname: 'gulp-minify-css@^0.3.11',
106 verbose parsed url   path: 'gulp-minify-css@^0.3.11',
106 verbose parsed url   href: 'gulp-minify-css@^0.3.11' }
107 verbose cache add [ 'gulp-minify-html@^0.1.4', null ]
108 verbose cache add name=undefined spec="gulp-minify-html@^0.1.4" args=["gulp-minify-html@^0.1.4",null]
109 verbose parsed url { protocol: null,
109 verbose parsed url   slashes: null,
109 verbose parsed url   auth: null,
109 verbose parsed url   host: null,
109 verbose parsed url   port: null,
109 verbose parsed url   hostname: null,
109 verbose parsed url   hash: null,
109 verbose parsed url   search: null,
109 verbose parsed url   query: null,
109 verbose parsed url   pathname: 'gulp-minify-html@^0.1.4',
109 verbose parsed url   path: 'gulp-minify-html@^0.1.4',
109 verbose parsed url   href: 'gulp-minify-html@^0.1.4' }
110 verbose cache add [ 'gulp-notify@^2.1.0', null ]
111 verbose cache add name=undefined spec="gulp-notify@^2.1.0" args=["gulp-notify@^2.1.0",null]
112 verbose parsed url { protocol: null,
112 verbose parsed url   slashes: null,
112 verbose parsed url   auth: null,
112 verbose parsed url   host: null,
112 verbose parsed url   port: null,
112 verbose parsed url   hostname: null,
112 verbose parsed url   hash: null,
112 verbose parsed url   search: null,
112 verbose parsed url   query: null,
112 verbose parsed url   pathname: 'gulp-notify@^2.1.0',
112 verbose parsed url   path: 'gulp-notify@^2.1.0',
112 verbose parsed url   href: 'gulp-notify@^2.1.0' }
113 verbose cache add [ 'gulp-uglify@^0.3.1', null ]
114 verbose cache add name=undefined spec="gulp-uglify@^0.3.1" args=["gulp-uglify@^0.3.1",null]
115 verbose parsed url { protocol: null,
115 verbose parsed url   slashes: null,
115 verbose parsed url   auth: null,
115 verbose parsed url   host: null,
115 verbose parsed url   port: null,
115 verbose parsed url   hostname: null,
115 verbose parsed url   hash: null,
115 verbose parsed url   search: null,
115 verbose parsed url   query: null,
115 verbose parsed url   pathname: 'gulp-uglify@^0.3.1',
115 verbose parsed url   path: 'gulp-uglify@^0.3.1',
115 verbose parsed url   href: 'gulp-uglify@^0.3.1' }
116 verbose request where is /btoa
117 verbose request registry https://registry.npmjs.org/
118 verbose request id 3db6bcefae938770
119 verbose url raw /btoa
120 verbose url resolving [ 'https://registry.npmjs.org/', './btoa' ]
121 verbose url resolved https://registry.npmjs.org/btoa
122 verbose request where is https://registry.npmjs.org/btoa
123 info trying registry request attempt 1 at 17:33:52
124 http GET https://registry.npmjs.org/btoa
125 silly addNameRange { name: 'gulp', range: '>=3.8.7-0 <4.0.0-0', hasData: false }
126 verbose request where is /ejs
127 verbose request registry https://registry.npmjs.org/
128 verbose url raw /ejs
129 verbose url resolving [ 'https://registry.npmjs.org/', './ejs' ]
130 verbose url resolved https://registry.npmjs.org/ejs
131 verbose request where is https://registry.npmjs.org/ejs
132 info trying registry request attempt 1 at 17:33:52
133 http GET https://registry.npmjs.org/ejs
134 verbose request where is /escodegen
135 verbose request registry https://registry.npmjs.org/
136 verbose url raw /escodegen
137 verbose url resolving [ 'https://registry.npmjs.org/', './escodegen' ]
138 verbose url resolved https://registry.npmjs.org/escodegen
139 verbose request where is https://registry.npmjs.org/escodegen
140 info trying registry request attempt 1 at 17:33:52
141 http GET https://registry.npmjs.org/escodegen
142 silly addNameRange { name: 'gulp-autoprefixer',
142 silly addNameRange   range: '>=2.0.0-0 <3.0.0-0',
142 silly addNameRange   hasData: false }
143 silly addNameRange { name: 'gulp-browserify',
143 silly addNameRange   range: '>=0.5.0-0 <0.6.0-0',
143 silly addNameRange   hasData: false }
144 silly addNameRange { name: 'gulp-compass',
144 silly addNameRange   range: '>=2.0.3-0 <3.0.0-0',
144 silly addNameRange   hasData: false }
145 verbose cache add name="gulp-less" spec="^2.0.1" args=["gulp-less","^2.0.1"]
146 verbose parsed url { protocol: null,
146 verbose parsed url   slashes: null,
146 verbose parsed url   auth: null,
146 verbose parsed url   host: null,
146 verbose parsed url   port: null,
146 verbose parsed url   hostname: null,
146 verbose parsed url   hash: null,
146 verbose parsed url   search: null,
146 verbose parsed url   query: null,
146 verbose parsed url   pathname: '^2.0.1',
146 verbose parsed url   path: '^2.0.1',
146 verbose parsed url   href: '^2.0.1' }
147 verbose addNamed [ 'gulp-less', '^2.0.1' ]
148 verbose addNamed [ null, '>=2.0.1-0 <3.0.0-0' ]
149 silly lockFile 2326e0ff-gulp-less-2-0-1 gulp-less@^2.0.1
150 verbose lock gulp-less@^2.0.1 /Users/joshhead/.npm/2326e0ff-gulp-less-2-0-1.lock
151 verbose cache add name="gulp-minify-css" spec="^0.3.11" args=["gulp-minify-css","^0.3.11"]
152 verbose parsed url { protocol: null,
152 verbose parsed url   slashes: null,
152 verbose parsed url   auth: null,
152 verbose parsed url   host: null,
152 verbose parsed url   port: null,
152 verbose parsed url   hostname: null,
152 verbose parsed url   hash: null,
152 verbose parsed url   search: null,
152 verbose parsed url   query: null,
152 verbose parsed url   pathname: '^0.3.11',
152 verbose parsed url   path: '^0.3.11',
152 verbose parsed url   href: '^0.3.11' }
153 verbose addNamed [ 'gulp-minify-css', '^0.3.11' ]
154 verbose addNamed [ null, '>=0.3.11-0 <0.4.0-0' ]
155 silly lockFile d01096ed-gulp-minify-css-0-3-11 gulp-minify-css@^0.3.11
156 verbose lock gulp-minify-css@^0.3.11 /Users/joshhead/.npm/d01096ed-gulp-minify-css-0-3-11.lock
157 verbose cache add name="gulp-minify-html" spec="^0.1.4" args=["gulp-minify-html","^0.1.4"]
158 verbose parsed url { protocol: null,
158 verbose parsed url   slashes: null,
158 verbose parsed url   auth: null,
158 verbose parsed url   host: null,
158 verbose parsed url   port: null,
158 verbose parsed url   hostname: null,
158 verbose parsed url   hash: null,
158 verbose parsed url   search: null,
158 verbose parsed url   query: null,
158 verbose parsed url   pathname: '^0.1.4',
158 verbose parsed url   path: '^0.1.4',
158 verbose parsed url   href: '^0.1.4' }
159 verbose addNamed [ 'gulp-minify-html', '^0.1.4' ]
160 verbose addNamed [ null, '>=0.1.4-0 <0.2.0-0' ]
161 silly lockFile 621f5112-gulp-minify-html-0-1-4 gulp-minify-html@^0.1.4
162 verbose lock gulp-minify-html@^0.1.4 /Users/joshhead/.npm/621f5112-gulp-minify-html-0-1-4.lock
163 verbose cache add name="gulp-notify" spec="^2.1.0" args=["gulp-notify","^2.1.0"]
164 verbose parsed url { protocol: null,
164 verbose parsed url   slashes: null,
164 verbose parsed url   auth: null,
164 verbose parsed url   host: null,
164 verbose parsed url   port: null,
164 verbose parsed url   hostname: null,
164 verbose parsed url   hash: null,
164 verbose parsed url   search: null,
164 verbose parsed url   query: null,
164 verbose parsed url   pathname: '^2.1.0',
164 verbose parsed url   path: '^2.1.0',
164 verbose parsed url   href: '^2.1.0' }
165 verbose addNamed [ 'gulp-notify', '^2.1.0' ]
166 verbose addNamed [ null, '>=2.1.0-0 <3.0.0-0' ]
167 silly lockFile 06ce4f1d-gulp-notify-2-1-0 gulp-notify@^2.1.0
168 verbose lock gulp-notify@^2.1.0 /Users/joshhead/.npm/06ce4f1d-gulp-notify-2-1-0.lock
169 verbose cache add [ 'gulp-util@^2.2.20', null ]
170 verbose cache add name=undefined spec="gulp-util@^2.2.20" args=["gulp-util@^2.2.20",null]
171 verbose parsed url { protocol: null,
171 verbose parsed url   slashes: null,
171 verbose parsed url   auth: null,
171 verbose parsed url   host: null,
171 verbose parsed url   port: null,
171 verbose parsed url   hostname: null,
171 verbose parsed url   hash: null,
171 verbose parsed url   search: null,
171 verbose parsed url   query: null,
171 verbose parsed url   pathname: 'gulp-util@^2.2.20',
171 verbose parsed url   path: 'gulp-util@^2.2.20',
171 verbose parsed url   href: 'gulp-util@^2.2.20' }
172 verbose cache add [ 'jquery@^2.1.1', null ]
173 verbose cache add name=undefined spec="jquery@^2.1.1" args=["jquery@^2.1.1",null]
174 verbose parsed url { protocol: null,
174 verbose parsed url   slashes: null,
174 verbose parsed url   auth: null,
174 verbose parsed url   host: null,
174 verbose parsed url   port: null,
174 verbose parsed url   hostname: null,
174 verbose parsed url   hash: null,
174 verbose parsed url   search: null,
174 verbose parsed url   query: null,
174 verbose parsed url   pathname: 'jquery@^2.1.1',
174 verbose parsed url   path: 'jquery@^2.1.1',
174 verbose parsed url   href: 'jquery@^2.1.1' }
175 verbose cache add [ 'node-sass@~0.9.3', null ]
176 verbose cache add name=undefined spec="node-sass@~0.9.3" args=["node-sass@~0.9.3",null]
177 verbose parsed url { protocol: null,
177 verbose parsed url   slashes: null,
177 verbose parsed url   auth: null,
177 verbose parsed url   host: null,
177 verbose parsed url   port: null,
177 verbose parsed url   hostname: null,
177 verbose parsed url   hash: null,
177 verbose parsed url   search: null,
177 verbose parsed url   query: null,
177 verbose parsed url   pathname: 'node-sass@~0.9.3',
177 verbose parsed url   path: 'node-sass@~0.9.3',
177 verbose parsed url   href: 'node-sass@~0.9.3' }
178 verbose cache add [ 'npm-shrinkwrap@~5.1.0', null ]
179 verbose cache add name=undefined spec="npm-shrinkwrap@~5.1.0" args=["npm-shrinkwrap@~5.1.0",null]
180 verbose parsed url { protocol: null,
180 verbose parsed url   slashes: null,
180 verbose parsed url   auth: null,
180 verbose parsed url   host: null,
180 verbose parsed url   port: null,
180 verbose parsed url   hostname: null,
180 verbose parsed url   hash: null,
180 verbose parsed url   search: null,
180 verbose parsed url   query: null,
180 verbose parsed url   pathname: 'npm-shrinkwrap@~5.1.0',
180 verbose parsed url   path: 'npm-shrinkwrap@~5.1.0',
180 verbose parsed url   href: 'npm-shrinkwrap@~5.1.0' }
181 verbose cache add [ 'remarkable@~1.4.0', null ]
182 verbose cache add name=undefined spec="remarkable@~1.4.0" args=["remarkable@~1.4.0",null]
183 verbose parsed url { protocol: null,
183 verbose parsed url   slashes: null,
183 verbose parsed url   auth: null,
183 verbose parsed url   host: null,
183 verbose parsed url   port: null,
183 verbose parsed url   hostname: null,
183 verbose parsed url   hash: null,
183 verbose parsed url   search: null,
183 verbose parsed url   query: null,
183 verbose parsed url   pathname: 'remarkable@~1.4.0',
183 verbose parsed url   path: 'remarkable@~1.4.0',
183 verbose parsed url   href: 'remarkable@~1.4.0' }
184 verbose cache add [ 'vinyl-fs@^0.3.13', null ]
185 verbose cache add name=undefined spec="vinyl-fs@^0.3.13" args=["vinyl-fs@^0.3.13",null]
186 verbose parsed url { protocol: null,
186 verbose parsed url   slashes: null,
186 verbose parsed url   auth: null,
186 verbose parsed url   host: null,
186 verbose parsed url   port: null,
186 verbose parsed url   hostname: null,
186 verbose parsed url   hash: null,
186 verbose parsed url   search: null,
186 verbose parsed url   query: null,
186 verbose parsed url   pathname: 'vinyl-fs@^0.3.13',
186 verbose parsed url   path: 'vinyl-fs@^0.3.13',
186 verbose parsed url   href: 'vinyl-fs@^0.3.13' }
187 verbose cache add name="gulp-uglify" spec="^0.3.1" args=["gulp-uglify","^0.3.1"]
188 verbose parsed url { protocol: null,
188 verbose parsed url   slashes: null,
188 verbose parsed url   auth: null,
188 verbose parsed url   host: null,
188 verbose parsed url   port: null,
188 verbose parsed url   hostname: null,
188 verbose parsed url   hash: null,
188 verbose parsed url   search: null,
188 verbose parsed url   query: null,
188 verbose parsed url   pathname: '^0.3.1',
188 verbose parsed url   path: '^0.3.1',
188 verbose parsed url   href: '^0.3.1' }
189 verbose addNamed [ 'gulp-uglify', '^0.3.1' ]
190 verbose addNamed [ null, '>=0.3.1-0 <0.4.0-0' ]
191 silly lockFile 965066dc-gulp-uglify-0-3-1 gulp-uglify@^0.3.1
192 verbose lock gulp-uglify@^0.3.1 /Users/joshhead/.npm/965066dc-gulp-uglify-0-3-1.lock
193 verbose request where is /gulp-autoprefixer
194 verbose request registry https://registry.npmjs.org/
195 verbose url raw /gulp-autoprefixer
196 verbose url resolving [ 'https://registry.npmjs.org/', './gulp-autoprefixer' ]
197 verbose url resolved https://registry.npmjs.org/gulp-autoprefixer
198 verbose request where is https://registry.npmjs.org/gulp-autoprefixer
199 info trying registry request attempt 1 at 17:33:52
200 http GET https://registry.npmjs.org/gulp-autoprefixer
201 verbose request where is /gulp-browserify
202 verbose request registry https://registry.npmjs.org/
203 verbose url raw /gulp-browserify
204 verbose url resolving [ 'https://registry.npmjs.org/', './gulp-browserify' ]
205 verbose url resolved https://registry.npmjs.org/gulp-browserify
206 verbose request where is https://registry.npmjs.org/gulp-browserify
207 info trying registry request attempt 1 at 17:33:52
208 http GET https://registry.npmjs.org/gulp-browserify
209 silly addNameRange { name: 'gulp-concat',
209 silly addNameRange   range: '>=2.3.4-0 <3.0.0-0',
209 silly addNameRange   hasData: false }
210 silly addNameRange { name: 'gulp-connect',
210 silly addNameRange   range: '>=2.0.6-0 <3.0.0-0',
210 silly addNameRange   hasData: false }
211 silly addNameRange { name: 'gulp-if', range: '>=1.2.4-0 <2.0.0-0', hasData: false }
212 verbose cache add name="gulp-util" spec="^2.2.20" args=["gulp-util","^2.2.20"]
213 verbose parsed url { protocol: null,
213 verbose parsed url   slashes: null,
213 verbose parsed url   auth: null,
213 verbose parsed url   host: null,
213 verbose parsed url   port: null,
213 verbose parsed url   hostname: null,
213 verbose parsed url   hash: null,
213 verbose parsed url   search: null,
213 verbose parsed url   query: null,
213 verbose parsed url   pathname: '^2.2.20',
213 verbose parsed url   path: '^2.2.20',
213 verbose parsed url   href: '^2.2.20' }
214 verbose addNamed [ 'gulp-util', '^2.2.20' ]
215 verbose addNamed [ null, '>=2.2.20-0 <3.0.0-0' ]
216 silly lockFile dae808da-gulp-util-2-2-20 gulp-util@^2.2.20
217 verbose lock gulp-util@^2.2.20 /Users/joshhead/.npm/dae808da-gulp-util-2-2-20.lock
218 verbose cache add name="jquery" spec="^2.1.1" args=["jquery","^2.1.1"]
219 verbose parsed url { protocol: null,
219 verbose parsed url   slashes: null,
219 verbose parsed url   auth: null,
219 verbose parsed url   host: null,
219 verbose parsed url   port: null,
219 verbose parsed url   hostname: null,
219 verbose parsed url   hash: null,
219 verbose parsed url   search: null,
219 verbose parsed url   query: null,
219 verbose parsed url   pathname: '^2.1.1',
219 verbose parsed url   path: '^2.1.1',
219 verbose parsed url   href: '^2.1.1' }
220 verbose addNamed [ 'jquery', '^2.1.1' ]
221 verbose addNamed [ null, '>=2.1.1-0 <3.0.0-0' ]
222 silly lockFile 44249b43-jquery-2-1-1 jquery@^2.1.1
223 verbose lock jquery@^2.1.1 /Users/joshhead/.npm/44249b43-jquery-2-1-1.lock
224 verbose cache add name="node-sass" spec="~0.9.3" args=["node-sass","~0.9.3"]
225 verbose parsed url { protocol: null,
225 verbose parsed url   slashes: null,
225 verbose parsed url   auth: null,
225 verbose parsed url   host: null,
225 verbose parsed url   port: null,
225 verbose parsed url   hostname: null,
225 verbose parsed url   hash: null,
225 verbose parsed url   search: null,
225 verbose parsed url   query: null,
225 verbose parsed url   pathname: '~0.9.3',
225 verbose parsed url   path: '~0.9.3',
225 verbose parsed url   href: '~0.9.3' }
226 verbose addNamed [ 'node-sass', '~0.9.3' ]
227 verbose addNamed [ null, '>=0.9.3-0 <0.10.0-0' ]
228 silly lockFile 930c0e3e-node-sass-0-9-3 node-sass@~0.9.3
229 verbose lock node-sass@~0.9.3 /Users/joshhead/.npm/930c0e3e-node-sass-0-9-3.lock
230 verbose cache add name="npm-shrinkwrap" spec="~5.1.0" args=["npm-shrinkwrap","~5.1.0"]
231 verbose parsed url { protocol: null,
231 verbose parsed url   slashes: null,
231 verbose parsed url   auth: null,
231 verbose parsed url   host: null,
231 verbose parsed url   port: null,
231 verbose parsed url   hostname: null,
231 verbose parsed url   hash: null,
231 verbose parsed url   search: null,
231 verbose parsed url   query: null,
231 verbose parsed url   pathname: '~5.1.0',
231 verbose parsed url   path: '~5.1.0',
231 verbose parsed url   href: '~5.1.0' }
232 verbose addNamed [ 'npm-shrinkwrap', '~5.1.0' ]
233 verbose addNamed [ null, '>=5.1.0-0 <5.2.0-0' ]
234 silly lockFile 51c83732-npm-shrinkwrap-5-1-0 npm-shrinkwrap@~5.1.0
235 verbose lock npm-shrinkwrap@~5.1.0 /Users/joshhead/.npm/51c83732-npm-shrinkwrap-5-1-0.lock
236 verbose cache add name="remarkable" spec="~1.4.0" args=["remarkable","~1.4.0"]
237 verbose parsed url { protocol: null,
237 verbose parsed url   slashes: null,
237 verbose parsed url   auth: null,
237 verbose parsed url   host: null,
237 verbose parsed url   port: null,
237 verbose parsed url   hostname: null,
237 verbose parsed url   hash: null,
237 verbose parsed url   search: null,
237 verbose parsed url   query: null,
237 verbose parsed url   pathname: '~1.4.0',
237 verbose parsed url   path: '~1.4.0',
237 verbose parsed url   href: '~1.4.0' }
238 verbose addNamed [ 'remarkable', '~1.4.0' ]
239 verbose addNamed [ null, '>=1.4.0-0 <1.5.0-0' ]
240 silly lockFile b2c835ed-remarkable-1-4-0 remarkable@~1.4.0
241 verbose lock remarkable@~1.4.0 /Users/joshhead/.npm/b2c835ed-remarkable-1-4-0.lock
242 verbose cache add name="vinyl-fs" spec="^0.3.13" args=["vinyl-fs","^0.3.13"]
243 verbose parsed url { protocol: null,
243 verbose parsed url   slashes: null,
243 verbose parsed url   auth: null,
243 verbose parsed url   host: null,
243 verbose parsed url   port: null,
243 verbose parsed url   hostname: null,
243 verbose parsed url   hash: null,
243 verbose parsed url   search: null,
243 verbose parsed url   query: null,
243 verbose parsed url   pathname: '^0.3.13',
243 verbose parsed url   path: '^0.3.13',
243 verbose parsed url   href: '^0.3.13' }
244 verbose addNamed [ 'vinyl-fs', '^0.3.13' ]
245 verbose addNamed [ null, '>=0.3.13-0 <0.4.0-0' ]
246 silly lockFile 9c88aa31-vinyl-fs-0-3-13 vinyl-fs@^0.3.13
247 verbose lock vinyl-fs@^0.3.13 /Users/joshhead/.npm/9c88aa31-vinyl-fs-0-3-13.lock
248 verbose request where is /gulp-concat
249 verbose request registry https://registry.npmjs.org/
250 verbose url raw /gulp-concat
251 verbose url resolving [ 'https://registry.npmjs.org/', './gulp-concat' ]
252 verbose url resolved https://registry.npmjs.org/gulp-concat
253 verbose request where is https://registry.npmjs.org/gulp-concat
254 info trying registry request attempt 1 at 17:33:52
255 http GET https://registry.npmjs.org/gulp-concat
256 verbose request where is /gulp-connect
257 verbose request registry https://registry.npmjs.org/
258 verbose url raw /gulp-connect
259 verbose url resolving [ 'https://registry.npmjs.org/', './gulp-connect' ]
260 verbose url resolved https://registry.npmjs.org/gulp-connect
261 verbose request where is https://registry.npmjs.org/gulp-connect
262 info trying registry request attempt 1 at 17:33:52
263 http GET https://registry.npmjs.org/gulp-connect
264 verbose request where is /gulp-if
265 verbose request registry https://registry.npmjs.org/
266 verbose url raw /gulp-if
267 verbose url resolving [ 'https://registry.npmjs.org/', './gulp-if' ]
268 verbose url resolved https://registry.npmjs.org/gulp-if
269 verbose request where is https://registry.npmjs.org/gulp-if
270 info trying registry request attempt 1 at 17:33:52
271 http GET https://registry.npmjs.org/gulp-if
272 silly addNameRange { name: 'gulp-minify-css',
272 silly addNameRange   range: '>=0.3.11-0 <0.4.0-0',
272 silly addNameRange   hasData: false }
273 silly addNameRange { name: 'gulp-less',
273 silly addNameRange   range: '>=2.0.1-0 <3.0.0-0',
273 silly addNameRange   hasData: false }
274 silly addNameRange { name: 'gulp-minify-html',
274 silly addNameRange   range: '>=0.1.4-0 <0.2.0-0',
274 silly addNameRange   hasData: false }
275 silly addNameRange { name: 'gulp-notify',
275 silly addNameRange   range: '>=2.1.0-0 <3.0.0-0',
275 silly addNameRange   hasData: false }
276 silly addNameRange { name: 'gulp-uglify',
276 silly addNameRange   range: '>=0.3.1-0 <0.4.0-0',
276 silly addNameRange   hasData: false }
277 verbose request where is /gulp-minify-css
278 verbose request registry https://registry.npmjs.org/
279 verbose url raw /gulp-minify-css
280 verbose url resolving [ 'https://registry.npmjs.org/', './gulp-minify-css' ]
281 verbose url resolved https://registry.npmjs.org/gulp-minify-css
282 verbose request where is https://registry.npmjs.org/gulp-minify-css
283 info trying registry request attempt 1 at 17:33:52
284 http GET https://registry.npmjs.org/gulp-minify-css
285 verbose request where is /gulp-less
286 verbose request registry https://registry.npmjs.org/
287 verbose url raw /gulp-less
288 verbose url resolving [ 'https://registry.npmjs.org/', './gulp-less' ]
289 verbose url resolved https://registry.npmjs.org/gulp-less
290 verbose request where is https://registry.npmjs.org/gulp-less
291 info trying registry request attempt 1 at 17:33:52
292 http GET https://registry.npmjs.org/gulp-less
293 verbose request where is /gulp-minify-html
294 verbose request registry https://registry.npmjs.org/
295 verbose url raw /gulp-minify-html
296 verbose url resolving [ 'https://registry.npmjs.org/', './gulp-minify-html' ]
297 verbose url resolved https://registry.npmjs.org/gulp-minify-html
298 verbose request where is https://registry.npmjs.org/gulp-minify-html
299 info trying registry request attempt 1 at 17:33:52
300 http GET https://registry.npmjs.org/gulp-minify-html
301 silly addNameRange { name: 'gulp-util',
301 silly addNameRange   range: '>=2.2.20-0 <3.0.0-0',
301 silly addNameRange   hasData: false }
302 silly addNameRange { name: 'jquery', range: '>=2.1.1-0 <3.0.0-0', hasData: false }
303 silly addNameRange { name: 'node-sass',
303 silly addNameRange   range: '>=0.9.3-0 <0.10.0-0',
303 silly addNameRange   hasData: false }
304 silly addNameRange { name: 'npm-shrinkwrap',
304 silly addNameRange   range: '>=5.1.0-0 <5.2.0-0',
304 silly addNameRange   hasData: false }
305 verbose request where is /gulp-uglify
306 verbose request registry https://registry.npmjs.org/
307 verbose url raw /gulp-uglify
308 verbose url resolving [ 'https://registry.npmjs.org/', './gulp-uglify' ]
309 verbose url resolved https://registry.npmjs.org/gulp-uglify
310 verbose request where is https://registry.npmjs.org/gulp-uglify
311 info trying registry request attempt 1 at 17:33:52
312 http GET https://registry.npmjs.org/gulp-uglify
313 silly addNameRange { name: 'remarkable',
313 silly addNameRange   range: '>=1.4.0-0 <1.5.0-0',
313 silly addNameRange   hasData: false }
314 silly addNameRange { name: 'vinyl-fs',
314 silly addNameRange   range: '>=0.3.13-0 <0.4.0-0',
314 silly addNameRange   hasData: false }
315 verbose request where is /jquery
316 verbose request registry https://registry.npmjs.org/
317 verbose url raw /jquery
318 verbose url resolving [ 'https://registry.npmjs.org/', './jquery' ]
319 verbose url resolved https://registry.npmjs.org/jquery
320 verbose request where is https://registry.npmjs.org/jquery
321 info trying registry request attempt 1 at 17:33:52
322 http GET https://registry.npmjs.org/jquery
323 verbose request where is /node-sass
324 verbose request registry https://registry.npmjs.org/
325 verbose url raw /node-sass
326 verbose url resolving [ 'https://registry.npmjs.org/', './node-sass' ]
327 verbose url resolved https://registry.npmjs.org/node-sass
328 verbose request where is https://registry.npmjs.org/node-sass
329 info trying registry request attempt 1 at 17:33:52
330 http GET https://registry.npmjs.org/node-sass
331 verbose request where is /npm-shrinkwrap
332 verbose request registry https://registry.npmjs.org/
333 verbose url raw /npm-shrinkwrap
334 verbose url resolving [ 'https://registry.npmjs.org/', './npm-shrinkwrap' ]
335 verbose url resolved https://registry.npmjs.org/npm-shrinkwrap
336 verbose request where is https://registry.npmjs.org/npm-shrinkwrap
337 info trying registry request attempt 1 at 17:33:52
338 http GET https://registry.npmjs.org/npm-shrinkwrap
339 verbose request where is /remarkable
340 verbose request registry https://registry.npmjs.org/
341 verbose url raw /remarkable
342 verbose url resolving [ 'https://registry.npmjs.org/', './remarkable' ]
343 verbose url resolved https://registry.npmjs.org/remarkable
344 verbose request where is https://registry.npmjs.org/remarkable
345 info trying registry request attempt 1 at 17:33:52
346 http GET https://registry.npmjs.org/remarkable
347 verbose request where is /gulp-compass
348 verbose request registry https://registry.npmjs.org/
349 verbose url raw /gulp-compass
350 verbose url resolving [ 'https://registry.npmjs.org/', './gulp-compass' ]
351 verbose url resolved https://registry.npmjs.org/gulp-compass
352 verbose request where is https://registry.npmjs.org/gulp-compass
353 info trying registry request attempt 1 at 17:33:52
354 verbose etag "BZYNK2SF7IP844XDMD3IFA7KJ"
355 http GET https://registry.npmjs.org/gulp-compass
356 verbose request where is /gulp
357 verbose request registry https://registry.npmjs.org/
358 verbose url raw /gulp
359 verbose url resolving [ 'https://registry.npmjs.org/', './gulp' ]
360 verbose url resolved https://registry.npmjs.org/gulp
361 verbose request where is https://registry.npmjs.org/gulp
362 info trying registry request attempt 1 at 17:33:52
363 verbose etag "9ZCRHYQ8ARVGARIGQ789WI1JH"
364 http GET https://registry.npmjs.org/gulp
365 verbose request where is /gulp-util
366 verbose request registry https://registry.npmjs.org/
367 verbose url raw /gulp-util
368 verbose url resolving [ 'https://registry.npmjs.org/', './gulp-util' ]
369 verbose url resolved https://registry.npmjs.org/gulp-util
370 verbose request where is https://registry.npmjs.org/gulp-util
371 info trying registry request attempt 1 at 17:33:52
372 verbose etag "5DW25T9524DAGHZSXM5AM6209"
373 http GET https://registry.npmjs.org/gulp-util
374 verbose request where is /gulp-notify
375 verbose request registry https://registry.npmjs.org/
376 verbose url raw /gulp-notify
377 verbose url resolving [ 'https://registry.npmjs.org/', './gulp-notify' ]
378 verbose url resolved https://registry.npmjs.org/gulp-notify
379 verbose request where is https://registry.npmjs.org/gulp-notify
380 info trying registry request attempt 1 at 17:33:52
381 verbose etag "ABMWLOQAAUV2EF6HERWJG4GR"
382 http GET https://registry.npmjs.org/gulp-notify
383 verbose request where is /vinyl-fs
384 verbose request registry https://registry.npmjs.org/
385 verbose url raw /vinyl-fs
386 verbose url resolving [ 'https://registry.npmjs.org/', './vinyl-fs' ]
387 verbose url resolved https://registry.npmjs.org/vinyl-fs
388 verbose request where is https://registry.npmjs.org/vinyl-fs
389 info trying registry request attempt 1 at 17:33:52
390 verbose etag "458M3HKM5ZVM60A53YM3JXPV"
391 http GET https://registry.npmjs.org/vinyl-fs
392 http 200 https://registry.npmjs.org/escodegen
393 silly registry.get cb [ 200,
393 silly registry.get   { date: 'Sun, 25 Jan 2015 01:33:52 GMT',
393 silly registry.get     server: 'CouchDB/1.5.0 (Erlang OTP/R16B03)',
393 silly registry.get     etag: '"2O9FYIOF8CLVDMLVMHFC88ZS7"',
393 silly registry.get     'content-type': 'application/json',
393 silly registry.get     'cache-control': 'max-age=60',
393 silly registry.get     'content-length': '59807',
393 silly registry.get     'accept-ranges': 'bytes',
393 silly registry.get     via: '1.1 varnish',
393 silly registry.get     age: '16',
393 silly registry.get     'x-served-by': 'cache-lax1429-LAX',
393 silly registry.get     'x-cache': 'HIT',
393 silly registry.get     'x-cache-hits': '1',
393 silly registry.get     'x-timer': 'S1422149632.500428,VS0,VE0',
393 silly registry.get     vary: 'Accept',
393 silly registry.get     'keep-alive': 'timeout=10, max=50',
393 silly registry.get     connection: 'Keep-Alive' } ]
394 http 200 https://registry.npmjs.org/btoa
395 silly registry.get cb [ 200,
395 silly registry.get   { date: 'Sun, 25 Jan 2015 01:33:52 GMT',
395 silly registry.get     server: 'CouchDB/1.5.0 (Erlang OTP/R16B03)',
395 silly registry.get     etag: '"60VT6PD2MW9VRAK1ADBQKVMY8"',
395 silly registry.get     'content-type': 'application/json',
395 silly registry.get     'cache-control': 'max-age=60',
395 silly registry.get     'content-length': '5869',
395 silly registry.get     'accept-ranges': 'bytes',
395 silly registry.get     via: '1.1 varnish',
395 silly registry.get     age: '0',
395 silly registry.get     'x-served-by': 'cache-lax1434-LAX',
395 silly registry.get     'x-cache': 'HIT',
395 silly registry.get     'x-cache-hits': '1',
395 silly registry.get     'x-timer': 'S1422149632.505767,VS0,VE40',
395 silly registry.get     vary: 'Accept',
395 silly registry.get     'keep-alive': 'timeout=10, max=50',
395 silly registry.get     connection: 'Keep-Alive' } ]
396 silly addNameRange number 2 { name: 'btoa', range: '>=1.1.2-0 <1.2.0-0', hasData: true }
397 silly addNameRange versions [ 'btoa', [ '1.0.0', '1.0.1', '1.1.0', '1.1.1', '1.1.2' ] ]
398 verbose addNamed [ 'btoa', '1.1.2' ]
399 verbose addNamed [ '1.1.2', '1.1.2' ]
400 silly lockFile f1235312-btoa-1-1-2 btoa@1.1.2
401 verbose lock btoa@1.1.2 /Users/joshhead/.npm/f1235312-btoa-1-1-2.lock
402 silly addNameRange number 2 { name: 'escodegen', range: '>=1.5.0-0 <2.0.0-0', hasData: true }
403 silly addNameRange versions [ 'escodegen',
403 silly addNameRange   [ '0.0.1',
403 silly addNameRange     '0.0.2',
403 silly addNameRange     '0.0.3',
403 silly addNameRange     '0.0.4',
403 silly addNameRange     '0.0.5',
403 silly addNameRange     '0.0.6',
403 silly addNameRange     '0.0.7',
403 silly addNameRange     '0.0.8',
403 silly addNameRange     '0.0.9',
403 silly addNameRange     '0.0.10',
403 silly addNameRange     '0.0.11',
403 silly addNameRange     '0.0.12',
403 silly addNameRange     '0.0.14',
403 silly addNameRange     '0.0.15',
403 silly addNameRange     '0.0.16',
403 silly addNameRange     '0.0.17',
403 silly addNameRange     '0.0.18',
403 silly addNameRange     '0.0.19',
403 silly addNameRange     '0.0.20',
403 silly addNameRange     '0.0.21',
403 silly addNameRange     '0.0.22',
403 silly addNameRange     '0.0.23',
403 silly addNameRange     '0.0.24',
403 silly addNameRange     '0.0.25',
403 silly addNameRange     '0.0.26',
403 silly addNameRange     '0.0.27',
403 silly addNameRange     '0.0.28',
403 silly addNameRange     '1.0.0',
403 silly addNameRange     '1.0.1',
403 silly addNameRange     '1.1.0',
403 silly addNameRange     '1.2.0',
403 silly addNameRange     '1.3.0',
403 silly addNameRange     '1.3.1',
403 silly addNameRange     '1.3.2',
403 silly addNameRange     '1.3.3',
403 silly addNameRange     '1.4.0',
403 silly addNameRange     '1.4.1',
403 silly addNameRange     '1.4.2',
403 silly addNameRange     '1.4.3',
403 silly addNameRange     '1.5.0',
403 silly addNameRange     '1.6.0' ] ]
404 verbose addNamed [ 'escodegen', '1.6.0' ]
405 verbose addNamed [ '1.6.0', '1.6.0' ]
406 silly lockFile ef1e8c58-escodegen-1-6-0 escodegen@1.6.0
407 verbose lock escodegen@1.6.0 /Users/joshhead/.npm/ef1e8c58-escodegen-1-6-0.lock
408 silly lockFile eb661706-ry-npmjs-org-btoa-btoa-1-1-2-tgz https://registry.npmjs.org/btoa/-/btoa-1.1.2.tgz
409 verbose lock https://registry.npmjs.org/btoa/-/btoa-1.1.2.tgz /Users/joshhead/.npm/eb661706-ry-npmjs-org-btoa-btoa-1-1-2-tgz.lock
410 silly lockFile 67a103dd-rg-escodegen-escodegen-1-6-0-tgz https://registry.npmjs.org/escodegen/-/escodegen-1.6.0.tgz
411 verbose lock https://registry.npmjs.org/escodegen/-/escodegen-1.6.0.tgz /Users/joshhead/.npm/67a103dd-rg-escodegen-escodegen-1-6-0-tgz.lock
412 verbose addRemoteTarball [ 'https://registry.npmjs.org/btoa/-/btoa-1.1.2.tgz',
412 verbose addRemoteTarball   '3e40b81663f81d2dd6596a4cb714a8dc16cfabe0' ]
413 verbose addRemoteTarball [ 'https://registry.npmjs.org/escodegen/-/escodegen-1.6.0.tgz',
413 verbose addRemoteTarball   'b7dbcbd6586915d9da977f74ba2650d2e82bccfb' ]
414 info retry fetch attempt 1 at 17:33:52
415 verbose fetch to= /var/folders/f9/n2snxvgs40gfz88_0mgyjkgr0000gn/T/npm-1005-m7ilNctv/registry.npmjs.org/escodegen/-/escodegen-1.6.0.tgz
416 info retry fetch attempt 1 at 17:33:52
417 verbose fetch to= /var/folders/f9/n2snxvgs40gfz88_0mgyjkgr0000gn/T/npm-1005-m7ilNctv/registry.npmjs.org/btoa/-/btoa-1.1.2.tgz
418 http GET https://registry.npmjs.org/escodegen/-/escodegen-1.6.0.tgz
419 http GET https://registry.npmjs.org/btoa/-/btoa-1.1.2.tgz
420 http 200 https://registry.npmjs.org/gulp-browserify
421 silly registry.get cb [ 200,
421 silly registry.get   { date: 'Sun, 25 Jan 2015 01:33:52 GMT',
421 silly registry.get     server: 'CouchDB/1.5.0 (Erlang OTP/R16B03)',
421 silly registry.get     etag: '"BR36FDKS7DZWZB06TDOK48JQI"',
421 silly registry.get     'content-type': 'application/json',
421 silly registry.get     'cache-control': 'max-age=60',
421 silly registry.get     'content-length': '39381',
421 silly registry.get     'accept-ranges': 'bytes',
421 silly registry.get     via: '1.1 varnish',
421 silly registry.get     age: '0',
421 silly registry.get     'x-served-by': 'cache-lax1433-LAX',
421 silly registry.get     'x-cache': 'MISS',
421 silly registry.get     'x-cache-hits': '0',
421 silly registry.get     'x-timer': 'S1422149632.523707,VS0,VE72',
421 silly registry.get     vary: 'Accept',
421 silly registry.get     'keep-alive': 'timeout=10, max=50',
421 silly registry.get     connection: 'Keep-Alive' } ]
422 silly addNameRange number 2 { name: 'gulp-browserify',
422 silly addNameRange   range: '>=0.5.0-0 <0.6.0-0',
422 silly addNameRange   hasData: true }
423 silly addNameRange versions [ 'gulp-browserify',
423 silly addNameRange   [ '0.1.0',
423 silly addNameRange     '0.1.1',
423 silly addNameRange     '0.1.2',
423 silly addNameRange     '0.2.2',
423 silly addNameRange     '0.2.3',
423 silly addNameRange     '0.2.4',
423 silly addNameRange     '0.2.5',
423 silly addNameRange     '0.2.6',
423 silly addNameRange     '0.2.7',
423 silly addNameRange     '0.3.0',
423 silly addNameRange     '0.3.1',
423 silly addNameRange     '0.3.2',
423 silly addNameRange     '0.3.3',
423 silly addNameRange     '0.3.4',
423 silly addNameRange     '0.4.0',
423 silly addNameRange     '0.4.1',
423 silly addNameRange     '0.4.2',
423 silly addNameRange     '0.4.3',
423 silly addNameRange     '0.4.4',
423 silly addNameRange     '0.4.5',
423 silly addNameRange     '0.4.6',
423 silly addNameRange     '0.5.0',
423 silly addNameRange     '0.5.1' ] ]
424 verbose addNamed [ 'gulp-browserify', '0.5.1' ]
425 verbose addNamed [ '0.5.1', '0.5.1' ]
426 silly lockFile 238d2b6c-gulp-browserify-0-5-1 gulp-browserify@0.5.1
427 verbose lock gulp-browserify@0.5.1 /Users/joshhead/.npm/238d2b6c-gulp-browserify-0-5-1.lock
428 silly lockFile 8539d933-serify-gulp-browserify-0-5-1-tgz https://registry.npmjs.org/gulp-browserify/-/gulp-browserify-0.5.1.tgz
429 verbose lock https://registry.npmjs.org/gulp-browserify/-/gulp-browserify-0.5.1.tgz /Users/joshhead/.npm/8539d933-serify-gulp-browserify-0-5-1-tgz.lock
430 verbose addRemoteTarball [ 'https://registry.npmjs.org/gulp-browserify/-/gulp-browserify-0.5.1.tgz',
430 verbose addRemoteTarball   '820108ac2554a954adb8be17d23958b0c04be083' ]
431 info retry fetch attempt 1 at 17:33:52
432 verbose fetch to= /var/folders/f9/n2snxvgs40gfz88_0mgyjkgr0000gn/T/npm-1005-m7ilNctv/registry.npmjs.org/gulp-browserify/-/gulp-browserify-0.5.1.tgz
433 http GET https://registry.npmjs.org/gulp-browserify/-/gulp-browserify-0.5.1.tgz
434 http 200 https://registry.npmjs.org/escodegen/-/escodegen-1.6.0.tgz
435 http 200 https://registry.npmjs.org/btoa/-/btoa-1.1.2.tgz
436 silly lockFile eb661706-ry-npmjs-org-btoa-btoa-1-1-2-tgz https://registry.npmjs.org/btoa/-/btoa-1.1.2.tgz
437 silly lockFile eb661706-ry-npmjs-org-btoa-btoa-1-1-2-tgz https://registry.npmjs.org/btoa/-/btoa-1.1.2.tgz
438 silly lockFile f1235312-btoa-1-1-2 btoa@1.1.2
439 silly lockFile f1235312-btoa-1-1-2 btoa@1.1.2
440 silly lockFile 7a8901a8-btoa-1-1-2 btoa@~1.1.2
441 silly lockFile 7a8901a8-btoa-1-1-2 btoa@~1.1.2
442 silly lockFile 67a103dd-rg-escodegen-escodegen-1-6-0-tgz https://registry.npmjs.org/escodegen/-/escodegen-1.6.0.tgz
443 silly lockFile 67a103dd-rg-escodegen-escodegen-1-6-0-tgz https://registry.npmjs.org/escodegen/-/escodegen-1.6.0.tgz
444 silly lockFile ef1e8c58-escodegen-1-6-0 escodegen@1.6.0
445 silly lockFile ef1e8c58-escodegen-1-6-0 escodegen@1.6.0
446 silly lockFile 979f0cd9-escodegen-1-5-0 escodegen@^1.5.0
447 silly lockFile 979f0cd9-escodegen-1-5-0 escodegen@^1.5.0
448 http 200 https://registry.npmjs.org/gulp-autoprefixer
449 silly registry.get cb [ 200,
449 silly registry.get   { date: 'Sun, 25 Jan 2015 01:33:52 GMT',
449 silly registry.get     server: 'CouchDB/1.5.0 (Erlang OTP/R16B03)',
449 silly registry.get     etag: '"EBUC445HOVJ4JMA6W9KQK2UUS"',
449 silly registry.get     'content-type': 'application/json',
449 silly registry.get     'cache-control': 'max-age=60',
449 silly registry.get     'content-length': '19731',
449 silly registry.get     'accept-ranges': 'bytes',
449 silly registry.get     via: '1.1 varnish',
449 silly registry.get     age: '0',
449 silly registry.get     'x-served-by': 'cache-lax1420-LAX',
449 silly registry.get     'x-cache': 'HIT',
449 silly registry.get     'x-cache-hits': '1',
449 silly registry.get     'x-timer': 'S1422149632.495638,VS0,VE178',
449 silly registry.get     vary: 'Accept',
449 silly registry.get     'keep-alive': 'timeout=10, max=50',
449 silly registry.get     connection: 'Keep-Alive' } ]
450 silly addNameRange number 2 { name: 'gulp-autoprefixer',
450 silly addNameRange   range: '>=2.0.0-0 <3.0.0-0',
450 silly addNameRange   hasData: true }
451 silly addNameRange versions [ 'gulp-autoprefixer',
451 silly addNameRange   [ '0.0.1',
451 silly addNameRange     '0.0.2',
451 silly addNameRange     '0.0.3',
451 silly addNameRange     '0.0.4',
451 silly addNameRange     '0.0.5',
451 silly addNameRange     '0.0.6',
451 silly addNameRange     '0.0.7',
451 silly addNameRange     '0.0.8',
451 silly addNameRange     '0.0.9',
451 silly addNameRange     '0.0.10',
451 silly addNameRange     '1.0.0',
451 silly addNameRange     '1.0.1',
451 silly addNameRange     '2.0.0',
451 silly addNameRange     '2.1.0' ] ]
452 verbose addNamed [ 'gulp-autoprefixer', '2.1.0' ]
453 verbose addNamed [ '2.1.0', '2.1.0' ]
454 silly lockFile ccdf8bd0-gulp-autoprefixer-2-1-0 gulp-autoprefixer@2.1.0
455 verbose lock gulp-autoprefixer@2.1.0 /Users/joshhead/.npm/ccdf8bd0-gulp-autoprefixer-2-1-0.lock
456 silly lockFile f22bcf95-ixer-gulp-autoprefixer-2-1-0-tgz https://registry.npmjs.org/gulp-autoprefixer/-/gulp-autoprefixer-2.1.0.tgz
457 verbose lock https://registry.npmjs.org/gulp-autoprefixer/-/gulp-autoprefixer-2.1.0.tgz /Users/joshhead/.npm/f22bcf95-ixer-gulp-autoprefixer-2-1-0-tgz.lock
458 verbose addRemoteTarball [ 'https://registry.npmjs.org/gulp-autoprefixer/-/gulp-autoprefixer-2.1.0.tgz',
458 verbose addRemoteTarball   'd25d8276c7d332b422f86da8b0ec97d9773adbd5' ]
459 info retry fetch attempt 1 at 17:33:52
460 verbose fetch to= /var/folders/f9/n2snxvgs40gfz88_0mgyjkgr0000gn/T/npm-1005-m7ilNctv/registry.npmjs.org/gulp-autoprefixer/-/gulp-autoprefixer-2.1.0.tgz
461 http GET https://registry.npmjs.org/gulp-autoprefixer/-/gulp-autoprefixer-2.1.0.tgz
462 http 200 https://registry.npmjs.org/gulp-browserify/-/gulp-browserify-0.5.1.tgz
463 http 200 https://registry.npmjs.org/gulp-autoprefixer/-/gulp-autoprefixer-2.1.0.tgz
464 silly lockFile f22bcf95-ixer-gulp-autoprefixer-2-1-0-tgz https://registry.npmjs.org/gulp-autoprefixer/-/gulp-autoprefixer-2.1.0.tgz
465 silly lockFile f22bcf95-ixer-gulp-autoprefixer-2-1-0-tgz https://registry.npmjs.org/gulp-autoprefixer/-/gulp-autoprefixer-2.1.0.tgz
466 silly lockFile ccdf8bd0-gulp-autoprefixer-2-1-0 gulp-autoprefixer@2.1.0
467 silly lockFile ccdf8bd0-gulp-autoprefixer-2-1-0 gulp-autoprefixer@2.1.0
468 silly lockFile 48e238dc-gulp-autoprefixer-2-0-0 gulp-autoprefixer@^2.0.0
469 silly lockFile 48e238dc-gulp-autoprefixer-2-0-0 gulp-autoprefixer@^2.0.0
470 silly lockFile 8539d933-serify-gulp-browserify-0-5-1-tgz https://registry.npmjs.org/gulp-browserify/-/gulp-browserify-0.5.1.tgz
471 silly lockFile 8539d933-serify-gulp-browserify-0-5-1-tgz https://registry.npmjs.org/gulp-browserify/-/gulp-browserify-0.5.1.tgz
472 silly lockFile 238d2b6c-gulp-browserify-0-5-1 gulp-browserify@0.5.1
473 silly lockFile 238d2b6c-gulp-browserify-0-5-1 gulp-browserify@0.5.1
474 silly lockFile e60463ea-gulp-browserify-0-5-0 gulp-browserify@^0.5.0
475 silly lockFile e60463ea-gulp-browserify-0-5-0 gulp-browserify@^0.5.0
476 http 200 https://registry.npmjs.org/ejs
477 silly registry.get cb [ 200,
477 silly registry.get   { date: 'Sun, 25 Jan 2015 01:33:52 GMT',
477 silly registry.get     server: 'CouchDB/1.5.0 (Erlang OTP/R16B03)',
477 silly registry.get     etag: '"4DVFZ9J4HSZ636H03MOBFH9UN"',
477 silly registry.get     'content-type': 'application/json',
477 silly registry.get     'cache-control': 'max-age=60',
477 silly registry.get     'content-length': '41919',
477 silly registry.get     'accept-ranges': 'bytes',
477 silly registry.get     via: '1.1 varnish',
477 silly registry.get     age: '0',
477 silly registry.get     'x-served-by': 'cache-lax1420-LAX',
477 silly registry.get     'x-cache': 'HIT',
477 silly registry.get     'x-cache-hits': '1',
477 silly registry.get     'x-timer': 'S1422149632.521212,VS0,VE303',
477 silly registry.get     vary: 'Accept',
477 silly registry.get     'keep-alive': 'timeout=10, max=50',
477 silly registry.get     connection: 'Keep-Alive' } ]
478 silly addNameRange number 2 { name: 'ejs', range: '>=1.0.0-0 <1.1.0-0', hasData: true }
479 silly addNameRange versions [ 'ejs',
479 silly addNameRange   [ '0.0.1',
479 silly addNameRange     '0.0.2',
479 silly addNameRange     '0.0.3',
479 silly addNameRange     '0.0.4',
479 silly addNameRange     '0.1.0',
479 silly addNameRange     '0.2.0',
479 silly addNameRange     '0.2.1',
479 silly addNameRange     '0.3.0',
479 silly addNameRange     '0.3.1',
479 silly addNameRange     '0.4.0',
479 silly addNameRange     '0.4.1',
479 silly addNameRange     '0.4.2',
479 silly addNameRange     '0.4.3',
479 silly addNameRange     '0.5.0',
479 silly addNameRange     '0.6.0',
479 silly addNameRange     '0.6.1',
479 silly addNameRange     '0.7.0',
479 silly addNameRange     '0.7.1',
479 silly addNameRange     '0.7.2',
479 silly addNameRange     '0.8.0',
479 silly addNameRange     '0.8.1',
479 silly addNameRange     '0.8.2',
479 silly addNameRange     '0.8.3',
479 silly addNameRange     '0.8.4',
479 silly addNameRange     '0.8.5',
479 silly addNameRange     '0.8.6',
479 silly addNameRange     '0.8.8',
479 silly addNameRange     '1.0.0',
479 silly addNameRange     '2.0.2',
479 silly addNameRange     '2.0.3',
479 silly addNameRange     '2.0.4',
479 silly addNameRange     '2.0.5',
479 silly addNameRange     '2.0.6',
479 silly addNameRange     '2.0.7',
479 silly addNameRange     '2.0.8',
479 silly addNameRange     '2.1.1',
479 silly addNameRange     '2.1.2',
479 silly addNameRange     '2.1.3',
479 silly addNameRange     '2.1.4',
479 silly addNameRange     '2.2.1',
479 silly addNameRange     '2.2.2',
479 silly addNameRange     '2.2.3' ] ]
480 verbose addNamed [ 'ejs', '1.0.0' ]
481 verbose addNamed [ '1.0.0', '1.0.0' ]
482 silly lockFile 3b9d58f7-ejs-1-0-0 ejs@1.0.0
483 verbose lock ejs@1.0.0 /Users/joshhead/.npm/3b9d58f7-ejs-1-0-0.lock
484 silly lockFile 2583a321-stry-npmjs-org-ejs-ejs-1-0-0-tgz https://registry.npmjs.org/ejs/-/ejs-1.0.0.tgz
485 verbose lock https://registry.npmjs.org/ejs/-/ejs-1.0.0.tgz /Users/joshhead/.npm/2583a321-stry-npmjs-org-ejs-ejs-1-0-0-tgz.lock
486 verbose addRemoteTarball [ 'https://registry.npmjs.org/ejs/-/ejs-1.0.0.tgz',
486 verbose addRemoteTarball   'c9c60a48a46ee452fb32a71c317b95e5aa1fcb3d' ]
487 info retry fetch attempt 1 at 17:33:52
488 verbose fetch to= /var/folders/f9/n2snxvgs40gfz88_0mgyjkgr0000gn/T/npm-1005-m7ilNctv/registry.npmjs.org/ejs/-/ejs-1.0.0.tgz
489 http GET https://registry.npmjs.org/ejs/-/ejs-1.0.0.tgz
490 http 200 https://registry.npmjs.org/gulp-concat
491 silly registry.get cb [ 200,
491 silly registry.get   { date: 'Sun, 25 Jan 2015 01:33:52 GMT',
491 silly registry.get     server: 'CouchDB/1.5.0 (Erlang OTP/R16B03)',
491 silly registry.get     etag: '"AKDKPMTHYUGAHQPA37556EMF8"',
491 silly registry.get     'content-type': 'application/json',
491 silly registry.get     'cache-control': 'max-age=60',
491 silly registry.get     'content-length': '30363',
491 silly registry.get     'accept-ranges': 'bytes',
491 silly registry.get     via: '1.1 varnish',
491 silly registry.get     age: '0',
491 silly registry.get     'x-served-by': 'cache-lax1429-LAX',
491 silly registry.get     'x-cache': 'HIT',
491 silly registry.get     'x-cache-hits': '1',
491 silly registry.get     'x-timer': 'S1422149632.564020,VS0,VE309',
491 silly registry.get     vary: 'Accept',
491 silly registry.get     'keep-alive': 'timeout=10, max=49',
491 silly registry.get     connection: 'Keep-Alive' } ]
492 silly addNameRange number 2 { name: 'gulp-concat',
492 silly addNameRange   range: '>=2.3.4-0 <3.0.0-0',
492 silly addNameRange   hasData: true }
493 silly addNameRange versions [ 'gulp-concat',
493 silly addNameRange   [ '0.0.1',
493 silly addNameRange     '1.0.0',
493 silly addNameRange     '1.1.0',
493 silly addNameRange     '2.0.0',
493 silly addNameRange     '2.1.0',
493 silly addNameRange     '2.1.1',
493 silly addNameRange     '2.1.2',
493 silly addNameRange     '2.1.3',
493 silly addNameRange     '2.1.4',
493 silly addNameRange     '2.1.5',
493 silly addNameRange     '2.1.6',
493 silly addNameRange     '2.1.7',
493 silly addNameRange     '2.2.0',
493 silly addNameRange     '2.3.0',
493 silly addNameRange     '2.3.3',
493 silly addNameRange     '2.3.4',
493 silly addNameRange     '2.3.5',
493 silly addNameRange     '2.4.0',
493 silly addNameRange     '2.4.1',
493 silly addNameRange     '2.4.2',
493 silly addNameRange     '2.4.3' ] ]
494 verbose addNamed [ 'gulp-concat', '2.4.3' ]
495 verbose addNamed [ '2.4.3', '2.4.3' ]
496 silly lockFile 07935a45-gulp-concat-2-4-3 gulp-concat@2.4.3
497 verbose lock gulp-concat@2.4.3 /Users/joshhead/.npm/07935a45-gulp-concat-2-4-3.lock
498 silly lockFile ed610d0c-ulp-concat-gulp-concat-2-4-3-tgz https://registry.npmjs.org/gulp-concat/-/gulp-concat-2.4.3.tgz
499 verbose lock https://registry.npmjs.org/gulp-concat/-/gulp-concat-2.4.3.tgz /Users/joshhead/.npm/ed610d0c-ulp-concat-gulp-concat-2-4-3-tgz.lock
500 verbose addRemoteTarball [ 'https://registry.npmjs.org/gulp-concat/-/gulp-concat-2.4.3.tgz',
500 verbose addRemoteTarball   'dd913c3773b02f9dfb3f70e30215dc07a5cf32f7' ]
501 info retry fetch attempt 1 at 17:33:52
502 verbose fetch to= /var/folders/f9/n2snxvgs40gfz88_0mgyjkgr0000gn/T/npm-1005-m7ilNctv/registry.npmjs.org/gulp-concat/-/gulp-concat-2.4.3.tgz
503 http GET https://registry.npmjs.org/gulp-concat/-/gulp-concat-2.4.3.tgz
504 http 200 https://registry.npmjs.org/gulp-minify-css
505 silly registry.get cb [ 200,
505 silly registry.get   { date: 'Sun, 25 Jan 2015 01:33:52 GMT',
505 silly registry.get     server: 'CouchDB/1.5.0 (Erlang OTP/R16B03)',
505 silly registry.get     etag: '"3LGA411TRNLEBWXHWW4W6S1PL"',
505 silly registry.get     'content-type': 'application/json',
505 silly registry.get     'cache-control': 'max-age=60',
505 silly registry.get     'content-length': '30805',
505 silly registry.get     'accept-ranges': 'bytes',
505 silly registry.get     via: '1.1 varnish',
505 silly registry.get     age: '0',
505 silly registry.get     'x-served-by': 'cache-lax1420-LAX',
505 silly registry.get     'x-cache': 'HIT',
505 silly registry.get     'x-cache-hits': '1',
505 silly registry.get     'x-timer': 'S1422149632.709274,VS0,VE176',
505 silly registry.get     vary: 'Accept',
505 silly registry.get     'keep-alive': 'timeout=10, max=49',
505 silly registry.get     connection: 'Keep-Alive' } ]
506 silly addNameRange number 2 { name: 'gulp-minify-css',
506 silly addNameRange   range: '>=0.3.11-0 <0.4.0-0',
506 silly addNameRange   hasData: true }
507 silly addNameRange versions [ 'gulp-minify-css',
507 silly addNameRange   [ '0.0.1',
507 silly addNameRange     '0.1.0',
507 silly addNameRange     '0.2.0',
507 silly addNameRange     '0.3.0',
507 silly addNameRange     '0.3.1',
507 silly addNameRange     '0.3.2',
507 silly addNameRange     '0.3.3',
507 silly addNameRange     '0.3.4',
507 silly addNameRange     '0.3.5',
507 silly addNameRange     '0.3.6',
507 silly addNameRange     '0.3.7',
507 silly addNameRange     '0.3.8',
507 silly addNameRange     '0.3.9',
507 silly addNameRange     '0.3.10',
507 silly addNameRange     '0.3.11',
507 silly addNameRange     '0.3.12',
507 silly addNameRange     '0.3.13',
507 silly addNameRange     '0.4.0',
507 silly addNameRange     '0.4.1',
507 silly addNameRange     '0.4.2' ] ]
508 verbose addNamed [ 'gulp-minify-css', '0.3.13' ]
509 verbose addNamed [ '0.3.13', '0.3.13' ]
510 silly lockFile 9038a954-gulp-minify-css-0-3-13 gulp-minify-css@0.3.13
511 verbose lock gulp-minify-css@0.3.13 /Users/joshhead/.npm/9038a954-gulp-minify-css-0-3-13.lock
512 silly lockFile 8781e9f5-y-css-gulp-minify-css-0-3-13-tgz https://registry.npmjs.org/gulp-minify-css/-/gulp-minify-css-0.3.13.tgz
513 verbose lock https://registry.npmjs.org/gulp-minify-css/-/gulp-minify-css-0.3.13.tgz /Users/joshhead/.npm/8781e9f5-y-css-gulp-minify-css-0-3-13-tgz.lock
514 verbose addRemoteTarball [ 'https://registry.npmjs.org/gulp-minify-css/-/gulp-minify-css-0.3.13.tgz',
514 verbose addRemoteTarball   'ba813c665422868305383ccd185f239c1e35209b' ]
515 info retry fetch attempt 1 at 17:33:52
516 verbose fetch to= /var/folders/f9/n2snxvgs40gfz88_0mgyjkgr0000gn/T/npm-1005-m7ilNctv/registry.npmjs.org/gulp-minify-css/-/gulp-minify-css-0.3.13.tgz
517 http GET https://registry.npmjs.org/gulp-minify-css/-/gulp-minify-css-0.3.13.tgz
518 http 200 https://registry.npmjs.org/ejs/-/ejs-1.0.0.tgz
519 silly lockFile 2583a321-stry-npmjs-org-ejs-ejs-1-0-0-tgz https://registry.npmjs.org/ejs/-/ejs-1.0.0.tgz
520 silly lockFile 2583a321-stry-npmjs-org-ejs-ejs-1-0-0-tgz https://registry.npmjs.org/ejs/-/ejs-1.0.0.tgz
521 silly lockFile 3b9d58f7-ejs-1-0-0 ejs@1.0.0
522 silly lockFile 3b9d58f7-ejs-1-0-0 ejs@1.0.0
523 silly lockFile 9e596aab-ejs-1-0-0 ejs@~1.0.0
524 silly lockFile 9e596aab-ejs-1-0-0 ejs@~1.0.0
525 http 200 https://registry.npmjs.org/gulp-concat/-/gulp-concat-2.4.3.tgz
526 silly lockFile ed610d0c-ulp-concat-gulp-concat-2-4-3-tgz https://registry.npmjs.org/gulp-concat/-/gulp-concat-2.4.3.tgz
527 silly lockFile ed610d0c-ulp-concat-gulp-concat-2-4-3-tgz https://registry.npmjs.org/gulp-concat/-/gulp-concat-2.4.3.tgz
528 silly lockFile 07935a45-gulp-concat-2-4-3 gulp-concat@2.4.3
529 silly lockFile 07935a45-gulp-concat-2-4-3 gulp-concat@2.4.3
530 silly lockFile 25c49fc1-gulp-concat-2-3-4 gulp-concat@^2.3.4
531 silly lockFile 25c49fc1-gulp-concat-2-3-4 gulp-concat@^2.3.4
532 http 200 https://registry.npmjs.org/gulp-uglify
533 silly registry.get cb [ 200,
533 silly registry.get   { date: 'Sun, 25 Jan 2015 01:33:52 GMT',
533 silly registry.get     server: 'CouchDB/1.5.0 (Erlang OTP/R16B03)',
533 silly registry.get     etag: '"ECJC83PTLXM7MTRPMKNW1VD8P"',
533 silly registry.get     'content-type': 'application/json',
533 silly registry.get     'cache-control': 'max-age=60',
533 silly registry.get     'content-length': '22866',
533 silly registry.get     'accept-ranges': 'bytes',
533 silly registry.get     via: '1.1 varnish',
533 silly registry.get     age: '0',
533 silly registry.get     'x-served-by': 'cache-lax1420-LAX',
533 silly registry.get     'x-cache': 'HIT',
533 silly registry.get     'x-cache-hits': '1',
533 silly registry.get     'x-timer': 'S1422149632.925812,VS0,VE39',
533 silly registry.get     vary: 'Accept',
533 silly registry.get     'keep-alive': 'timeout=10, max=48',
533 silly registry.get     connection: 'Keep-Alive' } ]
534 silly addNameRange number 2 { name: 'gulp-uglify',
534 silly addNameRange   range: '>=0.3.1-0 <0.4.0-0',
534 silly addNameRange   hasData: true }
535 silly addNameRange versions [ 'gulp-uglify',
535 silly addNameRange   [ '0.0.1',
535 silly addNameRange     '0.0.3',
535 silly addNameRange     '0.0.4',
535 silly addNameRange     '0.1.0',
535 silly addNameRange     '0.2.0',
535 silly addNameRange     '0.2.1',
535 silly addNameRange     '0.3.0',
535 silly addNameRange     '0.3.1',
535 silly addNameRange     '0.3.2',
535 silly addNameRange     '1.0.0-0',
535 silly addNameRange     '1.0.0',
535 silly addNameRange     '1.0.1',
535 silly addNameRange     '1.0.2',
535 silly addNameRange     '1.1.0' ] ]
536 verbose addNamed [ 'gulp-uglify', '0.3.2' ]
537 verbose addNamed [ '0.3.2', '0.3.2' ]
538 silly lockFile f09d4441-gulp-uglify-0-3-2 gulp-uglify@0.3.2
539 verbose lock gulp-uglify@0.3.2 /Users/joshhead/.npm/f09d4441-gulp-uglify-0-3-2.lock
540 silly lockFile e8dfa1d9-ulp-uglify-gulp-uglify-0-3-2-tgz https://registry.npmjs.org/gulp-uglify/-/gulp-uglify-0.3.2.tgz
541 verbose lock https://registry.npmjs.org/gulp-uglify/-/gulp-uglify-0.3.2.tgz /Users/joshhead/.npm/e8dfa1d9-ulp-uglify-gulp-uglify-0-3-2-tgz.lock
542 verbose addRemoteTarball [ 'https://registry.npmjs.org/gulp-uglify/-/gulp-uglify-0.3.2.tgz',
542 verbose addRemoteTarball   'fa37bf6d4ad9a29a349c6cba862abb22eba67aac' ]
543 info retry fetch attempt 1 at 17:33:53
544 verbose fetch to= /var/folders/f9/n2snxvgs40gfz88_0mgyjkgr0000gn/T/npm-1005-m7ilNctv/registry.npmjs.org/gulp-uglify/-/gulp-uglify-0.3.2.tgz
545 http GET https://registry.npmjs.org/gulp-uglify/-/gulp-uglify-0.3.2.tgz
546 http 200 https://registry.npmjs.org/gulp-minify-css/-/gulp-minify-css-0.3.13.tgz
547 http 200 https://registry.npmjs.org/gulp-if
548 silly registry.get cb [ 200,
548 silly registry.get   { date: 'Sun, 25 Jan 2015 01:33:52 GMT',
548 silly registry.get     server: 'CouchDB/1.5.0 (Erlang OTP/R16B03)',
548 silly registry.get     etag: '"144O8RJGS3BF211BG6KMK73YP"',
548 silly registry.get     'content-type': 'application/json',
548 silly registry.get     'cache-control': 'max-age=60',
548 silly registry.get     'content-length': '22703',
548 silly registry.get     'accept-ranges': 'bytes',
548 silly registry.get     via: '1.1 varnish',
548 silly registry.get     age: '0',
548 silly registry.get     'x-served-by': 'cache-lax1433-LAX',
548 silly registry.get     'x-cache': 'HIT',
548 silly registry.get     'x-cache-hits': '1',
548 silly registry.get     'x-timer': 'S1422149632.670065,VS0,VE310',
548 silly registry.get     vary: 'Accept',
548 silly registry.get     'keep-alive': 'timeout=10, max=49',
548 silly registry.get     connection: 'Keep-Alive' } ]
549 silly addNameRange number 2 { name: 'gulp-if', range: '>=1.2.4-0 <2.0.0-0', hasData: true }
550 silly addNameRange versions [ 'gulp-if',
550 silly addNameRange   [ '0.0.3',
550 silly addNameRange     '0.0.4',
550 silly addNameRange     '0.0.5',
550 silly addNameRange     '1.0.0',
550 silly addNameRange     '1.1.0',
550 silly addNameRange     '1.2.0',
550 silly addNameRange     '1.2.1',
550 silly addNameRange     '1.2.2',
550 silly addNameRange     '1.2.3',
550 silly addNameRange     '1.2.4',
550 silly addNameRange     '1.2.5' ] ]
551 verbose addNamed [ 'gulp-if', '1.2.5' ]
552 verbose addNamed [ '1.2.5', '1.2.5' ]
553 silly lockFile b6784936-gulp-if-1-2-5 gulp-if@1.2.5
554 verbose lock gulp-if@1.2.5 /Users/joshhead/.npm/b6784936-gulp-if-1-2-5.lock
555 silly lockFile 9341f4d6-js-org-gulp-if-gulp-if-1-2-5-tgz https://registry.npmjs.org/gulp-if/-/gulp-if-1.2.5.tgz
556 verbose lock https://registry.npmjs.org/gulp-if/-/gulp-if-1.2.5.tgz /Users/joshhead/.npm/9341f4d6-js-org-gulp-if-gulp-if-1-2-5-tgz.lock
557 verbose addRemoteTarball [ 'https://registry.npmjs.org/gulp-if/-/gulp-if-1.2.5.tgz',
557 verbose addRemoteTarball   '9bd9c16032ecc28e0154bfb05828d233166f2da9' ]
558 info retry fetch attempt 1 at 17:33:53
559 verbose fetch to= /var/folders/f9/n2snxvgs40gfz88_0mgyjkgr0000gn/T/npm-1005-m7ilNctv/registry.npmjs.org/gulp-if/-/gulp-if-1.2.5.tgz
560 http GET https://registry.npmjs.org/gulp-if/-/gulp-if-1.2.5.tgz
561 silly lockFile 8781e9f5-y-css-gulp-minify-css-0-3-13-tgz https://registry.npmjs.org/gulp-minify-css/-/gulp-minify-css-0.3.13.tgz
562 silly lockFile 8781e9f5-y-css-gulp-minify-css-0-3-13-tgz https://registry.npmjs.org/gulp-minify-css/-/gulp-minify-css-0.3.13.tgz
563 silly lockFile 9038a954-gulp-minify-css-0-3-13 gulp-minify-css@0.3.13
564 silly lockFile 9038a954-gulp-minify-css-0-3-13 gulp-minify-css@0.3.13
565 silly lockFile d01096ed-gulp-minify-css-0-3-11 gulp-minify-css@^0.3.11
566 silly lockFile d01096ed-gulp-minify-css-0-3-11 gulp-minify-css@^0.3.11
567 http 200 https://registry.npmjs.org/jquery
568 silly registry.get cb [ 200,
568 silly registry.get   { date: 'Sun, 25 Jan 2015 01:33:53 GMT',
568 silly registry.get     server: 'CouchDB/1.5.0 (Erlang OTP/R16B03)',
568 silly registry.get     etag: '"DT6M7C1FB2Z7YWLMIOYE46RF3"',
568 silly registry.get     'content-type': 'application/json',
568 silly registry.get     'cache-control': 'max-age=60',
568 silly registry.get     'content-length': '52911',
568 silly registry.get     'accept-ranges': 'bytes',
568 silly registry.get     via: '1.1 varnish',
568 silly registry.get     age: '33',
568 silly registry.get     'x-served-by': 'cache-lax1420-LAX',
568 silly registry.get     'x-cache': 'HIT',
568 silly registry.get     'x-cache-hits': '2',
568 silly registry.get     'x-timer': 'S1422149633.001345,VS0,VE0',
568 silly registry.get     vary: 'Accept',
568 silly registry.get     'keep-alive': 'timeout=10, max=47',
568 silly registry.get     connection: 'Keep-Alive' } ]
569 silly addNameRange number 2 { name: 'jquery', range: '>=2.1.1-0 <3.0.0-0', hasData: true }
570 silly addNameRange versions [ 'jquery',
570 silly addNameRange   [ '1.5.1',
570 silly addNameRange     '1.6.2',
570 silly addNameRange     '1.6.3',
570 silly addNameRange     '1.7.2',
570 silly addNameRange     '1.7.3',
570 silly addNameRange     '1.8.2',
570 silly addNameRange     '1.8.3',
570 silly addNameRange     '2.1.0-beta2',
570 silly addNameRange     '2.1.0-beta3',
570 silly addNameRange     '1.11.0-beta3',
570 silly addNameRange     '1.11.0-rc1',
570 silly addNameRange     '2.1.0-rc1',
570 silly addNameRange     '1.11.0',
570 silly addNameRange     '2.1.0',
570 silly addNameRange     '2.1.1-beta1',
570 silly addNameRange     '1.11.1-beta1',
570 silly addNameRange     '2.1.1-rc1',
570 silly addNameRange     '1.11.1-rc1',
570 silly addNameRange     '2.1.1-rc2',
570 silly addNameRange     '1.11.1-rc2',
570 silly addNameRange     '2.1.1',
570 silly addNameRange     '1.11.1',
570 silly addNameRange     '1.9.1',
570 silly addNameRange     '2.1.2',
570 silly addNameRange     '1.11.2',
570 silly addNameRange     '2.1.3' ] ]
571 verbose addNamed [ 'jquery', '2.1.3' ]
572 verbose addNamed [ '2.1.3', '2.1.3' ]
573 silly lockFile 6fbd5787-jquery-2-1-3 jquery@2.1.3
574 verbose lock jquery@2.1.3 /Users/joshhead/.npm/6fbd5787-jquery-2-1-3.lock
575 silly lockFile 38b3ffac-pmjs-org-jquery-jquery-2-1-3-tgz https://registry.npmjs.org/jquery/-/jquery-2.1.3.tgz
576 verbose lock https://registry.npmjs.org/jquery/-/jquery-2.1.3.tgz /Users/joshhead/.npm/38b3ffac-pmjs-org-jquery-jquery-2-1-3-tgz.lock
577 verbose addRemoteTarball [ 'https://registry.npmjs.org/jquery/-/jquery-2.1.3.tgz',
577 verbose addRemoteTarball   '6ec55204673d505d39432c5bf5cfad10e1dbad2e' ]
578 info retry fetch attempt 1 at 17:33:53
579 verbose fetch to= /var/folders/f9/n2snxvgs40gfz88_0mgyjkgr0000gn/T/npm-1005-m7ilNctv/registry.npmjs.org/jquery/-/jquery-2.1.3.tgz
580 http GET https://registry.npmjs.org/jquery/-/jquery-2.1.3.tgz
581 http 200 https://registry.npmjs.org/gulp-connect
582 silly registry.get cb [ 200,
582 silly registry.get   { date: 'Sun, 25 Jan 2015 01:33:53 GMT',
582 silly registry.get     server: 'CouchDB/1.5.0 (Erlang OTP/R16B03)',
582 silly registry.get     etag: '"4K6994SFNW3BTU1NNI186UPA8"',
582 silly registry.get     'content-type': 'application/json',
582 silly registry.get     'cache-control': 'max-age=60',
582 silly registry.get     'content-length': '46131',
582 silly registry.get     'accept-ranges': 'bytes',
582 silly registry.get     via: '1.1 varnish',
582 silly registry.get     age: '0',
582 silly registry.get     'x-served-by': 'cache-lax1434-LAX',
582 silly registry.get     'x-cache': 'MISS',
582 silly registry.get     'x-cache-hits': '0',
582 silly registry.get     'x-timer': 'S1422149632.565804,VS0,VE448',
582 silly registry.get     vary: 'Accept',
582 silly registry.get     'keep-alive': 'timeout=10, max=49',
582 silly registry.get     connection: 'Keep-Alive' } ]
583 silly addNameRange number 2 { name: 'gulp-connect',
583 silly addNameRange   range: '>=2.0.6-0 <3.0.0-0',
583 silly addNameRange   hasData: true }
584 silly addNameRange versions [ 'gulp-connect',
584 silly addNameRange   [ '0.0.1',
584 silly addNameRange     '0.1.1',
584 silly addNameRange     '0.1.2',
584 silly addNameRange     '0.1.3',
584 silly addNameRange     '0.1.4',
584 silly addNameRange     '0.1.5',
584 silly addNameRange     '0.1.6',
584 silly addNameRange     '0.2.0',
584 silly addNameRange     '0.3.0',
584 silly addNameRange     '0.3.1',
584 silly addNameRange     '0.4.0',
584 silly addNameRange     '0.5.0',
584 silly addNameRange     '0.6.0',
584 silly addNameRange     '0.7.0',
584 silly addNameRange     '0.8.0',
584 silly addNameRange     '0.9.0',
584 silly addNameRange     '1.0.0',
584 silly addNameRange     '1.0.1',
584 silly addNameRange     '1.0.2',
584 silly addNameRange     '1.0.3',
584 silly addNameRange     '1.0.4',
584 silly addNameRange     '1.0.5',
584 silly addNameRange     '1.0.6',
584 silly addNameRange     '1.0.7',
584 silly addNameRange     '1.0.9',
584 silly addNameRange     '1.0.10',
584 silly addNameRange     '1.1.0',
584 silly addNameRange     '1.1.1',
584 silly addNameRange     '2.0.0',
584 silly addNameRange     '2.0.1',
584 silly addNameRange     '2.0.2',
584 silly addNameRange     '2.0.3',
584 silly addNameRange     '2.0.4',
584 silly addNameRange     '2.0.5',
584 silly addNameRange     '2.0.6',
584 silly addNameRange     '2.1.0',
584 silly addNameRange     '2.2.0' ] ]
585 verbose addNamed [ 'gulp-connect', '2.2.0' ]
586 verbose addNamed [ '2.2.0', '2.2.0' ]
587 silly lockFile 00c0891a-gulp-connect-2-2-0 gulp-connect@2.2.0
588 verbose lock gulp-connect@2.2.0 /Users/joshhead/.npm/00c0891a-gulp-connect-2-2-0.lock
589 silly lockFile 23dfc58b-p-connect-gulp-connect-2-2-0-tgz https://registry.npmjs.org/gulp-connect/-/gulp-connect-2.2.0.tgz
590 verbose lock https://registry.npmjs.org/gulp-connect/-/gulp-connect-2.2.0.tgz /Users/joshhead/.npm/23dfc58b-p-connect-gulp-connect-2-2-0-tgz.lock
591 verbose addRemoteTarball [ 'https://registry.npmjs.org/gulp-connect/-/gulp-connect-2.2.0.tgz',
591 verbose addRemoteTarball   'ff665df039647dc2c0d4ef12bb783a9584aac3cd' ]
592 info retry fetch attempt 1 at 17:33:53
593 verbose fetch to= /var/folders/f9/n2snxvgs40gfz88_0mgyjkgr0000gn/T/npm-1005-m7ilNctv/registry.npmjs.org/gulp-connect/-/gulp-connect-2.2.0.tgz
594 http GET https://registry.npmjs.org/gulp-connect/-/gulp-connect-2.2.0.tgz
595 http 200 https://registry.npmjs.org/gulp-uglify/-/gulp-uglify-0.3.2.tgz
596 silly lockFile e8dfa1d9-ulp-uglify-gulp-uglify-0-3-2-tgz https://registry.npmjs.org/gulp-uglify/-/gulp-uglify-0.3.2.tgz
597 silly lockFile e8dfa1d9-ulp-uglify-gulp-uglify-0-3-2-tgz https://registry.npmjs.org/gulp-uglify/-/gulp-uglify-0.3.2.tgz
598 silly lockFile f09d4441-gulp-uglify-0-3-2 gulp-uglify@0.3.2
599 silly lockFile f09d4441-gulp-uglify-0-3-2 gulp-uglify@0.3.2
600 silly lockFile 965066dc-gulp-uglify-0-3-1 gulp-uglify@^0.3.1
601 silly lockFile 965066dc-gulp-uglify-0-3-1 gulp-uglify@^0.3.1
602 http 200 https://registry.npmjs.org/npm-shrinkwrap
603 silly registry.get cb [ 200,
603 silly registry.get   { date: 'Sun, 25 Jan 2015 01:33:53 GMT',
603 silly registry.get     server: 'CouchDB/1.5.0 (Erlang OTP/R14B04)',
603 silly registry.get     etag: '"DHCR4GSDEUACB5SZJOD1L96EI"',
603 silly registry.get     'content-type': 'application/json',
603 silly registry.get     'cache-control': 'max-age=60',
603 silly registry.get     'content-length': '57482',
603 silly registry.get     'accept-ranges': 'bytes',
603 silly registry.get     via: '1.1 varnish',
603 silly registry.get     age: '0',
603 silly registry.get     'x-served-by': 'cache-lax1420-LAX',
603 silly registry.get     'x-cache': 'MISS',
603 silly registry.get     'x-cache-hits': '0',
603 silly registry.get     'x-timer': 'S1422149633.046622,VS0,VE41',
603 silly registry.get     vary: 'Accept',
603 silly registry.get     'keep-alive': 'timeout=10, max=46',
603 silly registry.get     connection: 'Keep-Alive' } ]
604 http 200 https://registry.npmjs.org/jquery/-/jquery-2.1.3.tgz
605 silly addNameRange number 2 { name: 'npm-shrinkwrap',
605 silly addNameRange   range: '>=5.1.0-0 <5.2.0-0',
605 silly addNameRange   hasData: true }
606 silly addNameRange versions [ 'npm-shrinkwrap',
606 silly addNameRange   [ '1.0.0',
606 silly addNameRange     '1.0.1',
606 silly addNameRange     '1.1.0',
606 silly addNameRange     '1.2.0',
606 silly addNameRange     '1.2.1',
606 silly addNameRange     '1.2.2',
606 silly addNameRange     '1.2.3',
606 silly addNameRange     '1.2.4',
606 silly addNameRange     '1.2.5',
606 silly addNameRange     '1.2.6',
606 silly addNameRange     '1.2.7',
606 silly addNameRange     '2.0.0',
606 silly addNameRange     '2.0.2',
606 silly addNameRange     '3.0.0',
606 silly addNameRange     '3.1.0',
606 silly addNameRange     '3.1.1',
606 silly addNameRange     '3.1.2',
606 silly addNameRange     '3.1.3',
606 silly addNameRange     '3.1.4',
606 silly addNameRange     '3.1.6',
606 silly addNameRange     '3.1.7',
606 silly addNameRange     '3.1.8',
606 silly addNameRange     '4.0.0',
606 silly addNameRange     '4.1.1',
606 silly addNameRange     '5.0.0',
606 silly addNameRange     '5.1.0',
606 silly addNameRange     '200.0.0' ] ]
607 verbose addNamed [ 'npm-shrinkwrap', '5.1.0' ]
608 verbose addNamed [ '5.1.0', '5.1.0' ]
609 silly lockFile 1b6a453c-npm-shrinkwrap-5-1-0 npm-shrinkwrap@5.1.0
610 verbose lock npm-shrinkwrap@5.1.0 /Users/joshhead/.npm/1b6a453c-npm-shrinkwrap-5-1-0.lock
611 silly lockFile 9d2e361e-inkwrap-npm-shrinkwrap-5-1-0-tgz https://registry.npmjs.org/npm-shrinkwrap/-/npm-shrinkwrap-5.1.0.tgz
612 verbose lock https://registry.npmjs.org/npm-shrinkwrap/-/npm-shrinkwrap-5.1.0.tgz /Users/joshhead/.npm/9d2e361e-inkwrap-npm-shrinkwrap-5-1-0-tgz.lock
613 verbose addRemoteTarball [ 'https://registry.npmjs.org/npm-shrinkwrap/-/npm-shrinkwrap-5.1.0.tgz',
613 verbose addRemoteTarball   '3765e7d6fec90045af6f066d32c3c44d8c5c5613' ]
614 info retry fetch attempt 1 at 17:33:53
615 verbose fetch to= /var/folders/f9/n2snxvgs40gfz88_0mgyjkgr0000gn/T/npm-1005-m7ilNctv/registry.npmjs.org/npm-shrinkwrap/-/npm-shrinkwrap-5.1.0.tgz
616 http GET https://registry.npmjs.org/npm-shrinkwrap/-/npm-shrinkwrap-5.1.0.tgz
617 http 200 https://registry.npmjs.org/remarkable
618 silly registry.get cb [ 200,
618 silly registry.get   { date: 'Sun, 25 Jan 2015 01:33:53 GMT',
618 silly registry.get     server: 'CouchDB/1.5.0 (Erlang OTP/R16B03)',
618 silly registry.get     etag: '"9JXMCCOG6KKN19JGK8M4NG7HJ"',
618 silly registry.get     'content-type': 'application/json',
618 silly registry.get     'cache-control': 'max-age=60',
618 silly registry.get     'content-length': '29543',
618 silly registry.get     'accept-ranges': 'bytes',
618 silly registry.get     via: '1.1 varnish',
618 silly registry.get     age: '0',
618 silly registry.get     'x-served-by': 'cache-lax1434-LAX',
618 silly registry.get     'x-cache': 'MISS',
618 silly registry.get     'x-cache-hits': '0',
618 silly registry.get     'x-timer': 'S1422149633.072204,VS0,VE45',
618 silly registry.get     vary: 'Accept',
618 silly registry.get     'keep-alive': 'timeout=10, max=48',
618 silly registry.get     connection: 'Keep-Alive' } ]
619 silly addNameRange number 2 { name: 'remarkable',
619 silly addNameRange   range: '>=1.4.0-0 <1.5.0-0',
619 silly addNameRange   hasData: true }
620 silly addNameRange versions [ 'remarkable',
620 silly addNameRange   [ '0.1.0',
620 silly addNameRange     '1.0.0',
620 silly addNameRange     '1.1.0',
620 silly addNameRange     '1.1.1',
620 silly addNameRange     '1.1.2',
620 silly addNameRange     '1.2.0',
620 silly addNameRange     '1.2.1',
620 silly addNameRange     '1.2.2',
620 silly addNameRange     '1.3.0',
620 silly addNameRange     '1.4.0',
620 silly addNameRange     '1.4.1',
620 silly addNameRange     '1.4.2',
620 silly addNameRange     '1.5.0',
620 silly addNameRange     '1.6.0' ] ]
621 verbose addNamed [ 'remarkable', '1.4.2' ]
622 verbose addNamed [ '1.4.2', '1.4.2' ]
623 silly lockFile 6aa0a6e9-remarkable-1-4-2 remarkable@1.4.2
624 verbose lock remarkable@1.4.2 /Users/joshhead/.npm/6aa0a6e9-remarkable-1-4-2.lock
625 silly lockFile 0fffb553--remarkable-remarkable-1-4-2-tgz https://registry.npmjs.org/remarkable/-/remarkable-1.4.2.tgz
626 verbose lock https://registry.npmjs.org/remarkable/-/remarkable-1.4.2.tgz /Users/joshhead/.npm/0fffb553--remarkable-remarkable-1-4-2-tgz.lock
627 verbose addRemoteTarball [ 'https://registry.npmjs.org/remarkable/-/remarkable-1.4.2.tgz',
627 verbose addRemoteTarball   'fd609cd6dd6dbd27a263143f4dbc18ee0c5d9363' ]
628 info retry fetch attempt 1 at 17:33:53
629 verbose fetch to= /var/folders/f9/n2snxvgs40gfz88_0mgyjkgr0000gn/T/npm-1005-m7ilNctv/registry.npmjs.org/remarkable/-/remarkable-1.4.2.tgz
630 http GET https://registry.npmjs.org/remarkable/-/remarkable-1.4.2.tgz
631 http 200 https://registry.npmjs.org/gulp-connect/-/gulp-connect-2.2.0.tgz
632 silly lockFile 23dfc58b-p-connect-gulp-connect-2-2-0-tgz https://registry.npmjs.org/gulp-connect/-/gulp-connect-2.2.0.tgz
633 silly lockFile 23dfc58b-p-connect-gulp-connect-2-2-0-tgz https://registry.npmjs.org/gulp-connect/-/gulp-connect-2.2.0.tgz
634 silly lockFile 00c0891a-gulp-connect-2-2-0 gulp-connect@2.2.0
635 silly lockFile 00c0891a-gulp-connect-2-2-0 gulp-connect@2.2.0
636 silly lockFile 61b90084-gulp-connect-2-0-6 gulp-connect@^2.0.6
637 silly lockFile 61b90084-gulp-connect-2-0-6 gulp-connect@^2.0.6
638 http 304 https://registry.npmjs.org/gulp
639 silly registry.get cb [ 304,
639 silly registry.get   { date: 'Sun, 25 Jan 2015 01:33:53 GMT',
639 silly registry.get     server: 'Apache',
639 silly registry.get     via: '1.1 varnish',
639 silly registry.get     'last-modified': 'Sun, 25 Jan 2015 01:33:53 GMT',
639 silly registry.get     'cache-control': 'max-age=60',
639 silly registry.get     etag: '"9ZCRHYQ8ARVGARIGQ789WI1JH"',
639 silly registry.get     age: '46',
639 silly registry.get     'x-served-by': 'cache-lax1434-LAX',
639 silly registry.get     'x-cache': 'HIT',
639 silly registry.get     'x-cache-hits': '1',
639 silly registry.get     'x-timer': 'S1422149633.155917,VS0,VE0',
639 silly registry.get     vary: 'Accept',
639 silly registry.get     'content-length': '0',
639 silly registry.get     'keep-alive': 'timeout=10, max=47',
639 silly registry.get     connection: 'Keep-Alive' } ]
640 verbose etag https://registry.npmjs.org/gulp from cache
641 silly addNameRange number 2 { name: 'gulp', range: '>=3.8.7-0 <4.0.0-0', hasData: true }
642 silly addNameRange versions [ 'gulp',
642 silly addNameRange   [ '0.0.1',
642 silly addNameRange     '0.0.2',
642 silly addNameRange     '0.0.3',
642 silly addNameRange     '0.0.4',
642 silly addNameRange     '0.0.5',
642 silly addNameRange     '0.0.7',
642 silly addNameRange     '0.0.8',
642 silly addNameRange     '0.0.9',
642 silly addNameRange     '0.1.0',
642 silly addNameRange     '0.2.0',
642 silly addNameRange     '1.0.0',
642 silly addNameRange     '1.1.0',
642 silly addNameRange     '1.2.0',
642 silly addNameRange     '1.2.1',
642 silly addNameRange     '2.0.0',
642 silly addNameRange     '2.0.1',
642 silly addNameRange     '2.1.0',
642 silly addNameRange     '2.2.0',
642 silly addNameRange     '2.3.0',
642 silly addNameRange     '2.4.0',
642 silly addNameRange     '2.4.1',
642 silly addNameRange     '2.6.0',
642 silly addNameRange     '2.6.1',
642 silly addNameRange     '2.7.0',
642 silly addNameRange     '3.0.0',
642 silly addNameRange     '3.1.1',
642 silly addNameRange     '3.1.2',
642 silly addNameRange     '3.1.3',
642 silly addNameRange     '3.1.4',
642 silly addNameRange     '3.2.0',
642 silly addNameRange     '3.2.1',
642 silly addNameRange     '3.2.2',
642 silly addNameRange     '3.2.3',
642 silly addNameRange     '3.2.4',
642 silly addNameRange     '3.2.5',
642 silly addNameRange     '3.3.0',
642 silly addNameRange     '3.3.1',
642 silly addNameRange     '3.3.2',
642 silly addNameRange     '3.3.4',
642 silly addNameRange     '3.4.0',
642 silly addNameRange     '3.5.0',
642 silly addNameRange     '3.5.1',
642 silly addNameRange     '3.5.2',
642 silly addNameRange     '3.5.5',
642 silly addNameRange     '3.5.6',
642 silly addNameRange     '3.6.0',
642 silly addNameRange     '3.6.1',
642 silly addNameRange     '3.6.2',
642 silly addNameRange     '3.7.0',
642 silly addNameRange     '3.8.0',
642 silly addNameRange     '3.8.1',
642 silly addNameRange     '3.8.2',
642 silly addNameRange     '3.8.3',
642 silly addNameRange     '3.8.4',
642 silly addNameRange     '3.8.5',
642 silly addNameRange     '3.8.6',
642 silly addNameRange     '3.8.7',
642 silly addNameRange     '3.8.8',
642 silly addNameRange     '3.8.9',
642 silly addNameRange     '3.8.10' ] ]
643 verbose addNamed [ 'gulp', '3.8.10' ]
644 verbose addNamed [ '3.8.10', '3.8.10' ]
645 silly lockFile f843d0d7-gulp-3-8-10 gulp@3.8.10
646 verbose lock gulp@3.8.10 /Users/joshhead/.npm/f843d0d7-gulp-3-8-10.lock
647 silly lockFile f843d0d7-gulp-3-8-10 gulp@3.8.10
648 silly lockFile f843d0d7-gulp-3-8-10 gulp@3.8.10
649 silly lockFile f00a0921-gulp-3-8-7 gulp@^3.8.7
650 silly lockFile f00a0921-gulp-3-8-7 gulp@^3.8.7
651 http 200 https://registry.npmjs.org/npm-shrinkwrap/-/npm-shrinkwrap-5.1.0.tgz
652 http 200 https://registry.npmjs.org/gulp-minify-html
653 silly registry.get cb [ 200,
653 silly registry.get   { date: 'Sun, 25 Jan 2015 01:33:53 GMT',
653 silly registry.get     server: 'CouchDB/1.5.0 (Erlang OTP/R16B03)',
653 silly registry.get     etag: '"9FWGJW874AGPQQY1NLIGR9QU3"',
653 silly registry.get     'content-type': 'application/json',
653 silly registry.get     'cache-control': 'max-age=60',
653 silly registry.get     'content-length': '14784',
653 silly registry.get     'accept-ranges': 'bytes',
653 silly registry.get     via: '1.1 varnish',
653 silly registry.get     age: '0',
653 silly registry.get     'x-served-by': 'cache-lax1429-LAX',
653 silly registry.get     'x-cache': 'HIT',
653 silly registry.get     'x-cache-hits': '1',
653 silly registry.get     'x-timer': 'S1422149632.907133,VS0,VE310',
653 silly registry.get     vary: 'Accept',
653 silly registry.get     'keep-alive': 'timeout=10, max=48',
653 silly registry.get     connection: 'Keep-Alive' } ]
654 silly addNameRange number 2 { name: 'gulp-minify-html',
654 silly addNameRange   range: '>=0.1.4-0 <0.2.0-0',
654 silly addNameRange   hasData: true }
655 silly addNameRange versions [ 'gulp-minify-html',
655 silly addNameRange   [ '0.0.1',
655 silly addNameRange     '0.1.0',
655 silly addNameRange     '0.1.1',
655 silly addNameRange     '0.1.2',
655 silly addNameRange     '0.1.3',
655 silly addNameRange     '0.1.4',
655 silly addNameRange     '0.1.5',
655 silly addNameRange     '0.1.6',
655 silly addNameRange     '0.1.7',
655 silly addNameRange     '0.1.8' ] ]
656 verbose addNamed [ 'gulp-minify-html', '0.1.8' ]
657 verbose addNamed [ '0.1.8', '0.1.8' ]
658 silly lockFile a315fcf7-gulp-minify-html-0-1-8 gulp-minify-html@0.1.8
659 verbose lock gulp-minify-html@0.1.8 /Users/joshhead/.npm/a315fcf7-gulp-minify-html-0-1-8.lock
660 silly lockFile 9bab543a--html-gulp-minify-html-0-1-8-tgz https://registry.npmjs.org/gulp-minify-html/-/gulp-minify-html-0.1.8.tgz
661 verbose lock https://registry.npmjs.org/gulp-minify-html/-/gulp-minify-html-0.1.8.tgz /Users/joshhead/.npm/9bab543a--html-gulp-minify-html-0-1-8-tgz.lock
662 verbose addRemoteTarball [ 'https://registry.npmjs.org/gulp-minify-html/-/gulp-minify-html-0.1.8.tgz',
662 verbose addRemoteTarball   '642a41bf9d0ea10daef8eae5e9e4d4e6dc95fb4c' ]
663 info retry fetch attempt 1 at 17:33:53
664 verbose fetch to= /var/folders/f9/n2snxvgs40gfz88_0mgyjkgr0000gn/T/npm-1005-m7ilNctv/registry.npmjs.org/gulp-minify-html/-/gulp-minify-html-0.1.8.tgz
665 http GET https://registry.npmjs.org/gulp-minify-html/-/gulp-minify-html-0.1.8.tgz
666 http 200 https://registry.npmjs.org/gulp-less
667 silly registry.get cb [ 200,
667 silly registry.get   { date: 'Sun, 25 Jan 2015 01:33:53 GMT',
667 silly registry.get     server: 'CouchDB/1.5.0 (Erlang OTP/R16B03)',
667 silly registry.get     etag: '"A09Y762Y8E645ZYWMXMA0C2J0"',
667 silly registry.get     'content-type': 'application/json',
667 silly registry.get     'cache-control': 'max-age=60',
667 silly registry.get     'content-length': '42999',
667 silly registry.get     'accept-ranges': 'bytes',
667 silly registry.get     via: '1.1 varnish',
667 silly registry.get     age: '0',
667 silly registry.get     'x-served-by': 'cache-lax1420-LAX',
667 silly registry.get     'x-cache': 'MISS',
667 silly registry.get     'x-cache-hits': '0',
667 silly registry.get     'x-timer': 'S1422149632.882049,VS0,VE307',
667 silly registry.get     vary: 'Accept',
667 silly registry.get     'keep-alive': 'timeout=10, max=49',
667 silly registry.get     connection: 'Keep-Alive' } ]
668 silly addNameRange number 2 { name: 'gulp-less', range: '>=2.0.1-0 <3.0.0-0', hasData: true }
669 silly addNameRange versions [ 'gulp-less',
669 silly addNameRange   [ '0.0.0',
669 silly addNameRange     '0.0.1',
669 silly addNameRange     '0.0.2',
669 silly addNameRange     '0.0.3',
669 silly addNameRange     '1.0.1',
669 silly addNameRange     '1.0.0',
669 silly addNameRange     '1.0.2',
669 silly addNameRange     '1.1.0',
669 silly addNameRange     '1.1.1',
669 silly addNameRange     '1.1.3',
669 silly addNameRange     '1.1.4',
669 silly addNameRange     '1.1.5',
669 silly addNameRange     '1.1.6',
669 silly addNameRange     '1.1.7',
669 silly addNameRange     '1.1.8',
669 silly addNameRange     '1.1.10',
669 silly addNameRange     '1.2.0',
669 silly addNameRange     '1.2.1',
669 silly addNameRange     '1.2.2',
669 silly addNameRange     '1.2.3',
669 silly addNameRange     '1.2.4',
669 silly addNameRange     '1.3.0',
669 silly addNameRange     '1.3.1',
669 silly addNameRange     '1.3.2',
669 silly addNameRange     '1.3.3',
669 silly addNameRange     '1.3.4',
669 silly addNameRange     '1.3.5',
669 silly addNameRange     '1.3.6',
669 silly addNameRange     '1.3.7',
669 silly addNameRange     '1.3.8',
669 silly addNameRange     '1.3.9',
669 silly addNameRange     '2.0.0',
669 silly addNameRange     '2.0.1' ] ]
670 verbose addNamed [ 'gulp-less', '2.0.1' ]
671 verbose addNamed [ '2.0.1', '2.0.1' ]
672 silly lockFile 82c95d95-gulp-less-2-0-1 gulp-less@2.0.1
673 verbose lock gulp-less@2.0.1 /Users/joshhead/.npm/82c95d95-gulp-less-2-0-1.lock
674 silly lockFile 35320596-rg-gulp-less-gulp-less-2-0-1-tgz https://registry.npmjs.org/gulp-less/-/gulp-less-2.0.1.tgz
675 verbose lock https://registry.npmjs.org/gulp-less/-/gulp-less-2.0.1.tgz /Users/joshhead/.npm/35320596-rg-gulp-less-gulp-less-2-0-1-tgz.lock
676 verbose addRemoteTarball [ 'https://registry.npmjs.org/gulp-less/-/gulp-less-2.0.1.tgz',
676 verbose addRemoteTarball   'b47f8d0a0489c7f3e3f1c48167cd70f73e67355d' ]
677 info retry fetch attempt 1 at 17:33:53
678 verbose fetch to= /var/folders/f9/n2snxvgs40gfz88_0mgyjkgr0000gn/T/npm-1005-m7ilNctv/registry.npmjs.org/gulp-less/-/gulp-less-2.0.1.tgz
679 http GET https://registry.npmjs.org/gulp-less/-/gulp-less-2.0.1.tgz
680 silly lockFile 9d2e361e-inkwrap-npm-shrinkwrap-5-1-0-tgz https://registry.npmjs.org/npm-shrinkwrap/-/npm-shrinkwrap-5.1.0.tgz
681 silly lockFile 9d2e361e-inkwrap-npm-shrinkwrap-5-1-0-tgz https://registry.npmjs.org/npm-shrinkwrap/-/npm-shrinkwrap-5.1.0.tgz
682 silly lockFile 1b6a453c-npm-shrinkwrap-5-1-0 npm-shrinkwrap@5.1.0
683 silly lockFile 1b6a453c-npm-shrinkwrap-5-1-0 npm-shrinkwrap@5.1.0
684 silly lockFile 51c83732-npm-shrinkwrap-5-1-0 npm-shrinkwrap@~5.1.0
685 silly lockFile 51c83732-npm-shrinkwrap-5-1-0 npm-shrinkwrap@~5.1.0
686 http 304 https://registry.npmjs.org/vinyl-fs
687 silly registry.get cb [ 304,
687 silly registry.get   { date: 'Sun, 25 Jan 2015 01:33:53 GMT',
687 silly registry.get     server: 'Apache',
687 silly registry.get     via: '1.1 varnish',
687 silly registry.get     'last-modified': 'Sun, 25 Jan 2015 01:33:53 GMT',
687 silly registry.get     'cache-control': 'max-age=60',
687 silly registry.get     etag: '"458M3HKM5ZVM60A53YM3JXPV"',
687 silly registry.get     age: '36',
687 silly registry.get     'x-served-by': 'cache-lax1420-LAX',
687 silly registry.get     'x-cache': 'HIT',
687 silly registry.get     'x-cache-hits': '1',
687 silly registry.get     'x-timer': 'S1422149633.264909,VS0,VE0',
687 silly registry.get     vary: 'Accept',
687 silly registry.get     'content-length': '0',
687 silly registry.get     'keep-alive': 'timeout=10, max=48',
687 silly registry.get     connection: 'Keep-Alive' } ]
688 verbose etag https://registry.npmjs.org/vinyl-fs from cache
689 http 304 https://registry.npmjs.org/gulp-notify
690 silly registry.get cb [ 304,
690 silly registry.get   { date: 'Sun, 25 Jan 2015 01:33:53 GMT',
690 silly registry.get     server: 'Apache',
690 silly registry.get     via: '1.1 varnish',
690 silly registry.get     'last-modified': 'Sun, 25 Jan 2015 01:33:53 GMT',
690 silly registry.get     'cache-control': 'max-age=60',
690 silly registry.get     etag: '"ABMWLOQAAUV2EF6HERWJG4GR"',
690 silly registry.get     age: '0',
690 silly registry.get     'x-served-by': 'cache-lax1429-LAX',
690 silly registry.get     'x-cache': 'HIT',
690 silly registry.get     'x-cache-hits': '1',
690 silly registry.get     'x-timer': 'S1422149633.245346,VS0,VE40',
690 silly registry.get     vary: 'Accept',
690 silly registry.get     'content-length': '0',
690 silly registry.get     'keep-alive': 'timeout=10, max=47',
690 silly registry.get     connection: 'Keep-Alive' } ]
691 verbose etag https://registry.npmjs.org/gulp-notify from cache
692 silly addNameRange number 2 { name: 'vinyl-fs', range: '>=0.3.13-0 <0.4.0-0', hasData: true }
693 silly addNameRange versions [ 'vinyl-fs',
693 silly addNameRange   [ '0.0.1',
693 silly addNameRange     '0.0.2',
693 silly addNameRange     '0.1.0',
693 silly addNameRange     '0.1.1',
693 silly addNameRange     '0.1.2',
693 silly addNameRange     '0.1.3',
693 silly addNameRange     '0.1.4',
693 silly addNameRange     '0.2.0',
693 silly addNameRange     '0.2.1',
693 silly addNameRange     '0.3.0',
693 silly addNameRange     '0.3.1',
693 silly addNameRange     '0.3.2',
693 silly addNameRange     '0.3.3',
693 silly addNameRange     '0.3.4',
693 silly addNameRange     '0.3.5',
693 silly addNameRange     '0.3.6',
693 silly addNameRange     '0.3.7',
693 silly addNameRange     '0.3.8',
693 silly addNameRange     '0.3.9',
693 silly addNameRange     '0.3.10',
693 silly addNameRange     '0.3.11',
693 silly addNameRange     '0.3.12',
693 silly addNameRange     '0.3.13' ] ]
694 verbose addNamed [ 'vinyl-fs', '0.3.13' ]
695 verbose addNamed [ '0.3.13', '0.3.13' ]
696 silly lockFile c81503f3-vinyl-fs-0-3-13 vinyl-fs@0.3.13
697 verbose lock vinyl-fs@0.3.13 /Users/joshhead/.npm/c81503f3-vinyl-fs-0-3-13.lock
698 silly addNameRange number 2 { name: 'gulp-notify',
698 silly addNameRange   range: '>=2.1.0-0 <3.0.0-0',
698 silly addNameRange   hasData: true }
699 silly addNameRange versions [ 'gulp-notify',
699 silly addNameRange   [ '0.0.5',
699 silly addNameRange     '0.0.6',
699 silly addNameRange     '0.0.7',
699 silly addNameRange     '0.0.8',
699 silly addNameRange     '0.1.0',
699 silly addNameRange     '0.2.0',
699 silly addNameRange     '0.3.0',
699 silly addNameRange     '0.3.2',
699 silly addNameRange     '0.3.3',
699 silly addNameRange     '0.3.4',
699 silly addNameRange     '0.3.4-1',
699 silly addNameRange     '0.3.4-2',
699 silly addNameRange     '0.3.5-0',
699 silly addNameRange     '0.4.0',
699 silly addNameRange     '0.4.1',
699 silly addNameRange     '0.4.2',
699 silly addNameRange     '0.4.3',
699 silly addNameRange     '0.4.5',
699 silly addNameRange     '0.4.6',
699 silly addNameRange     '0.5.0',
699 silly addNameRange     '0.5.1',
699 silly addNameRange     '0.6.0',
699 silly addNameRange     '0.6.1',
699 silly addNameRange     '0.6.2',
699 silly addNameRange     '1.0.0-beta',
699 silly addNameRange     '1.1.0',
699 silly addNameRange     '1.1.1',
699 silly addNameRange     '1.2.0',
699 silly addNameRange     '1.2.1',
699 silly addNameRange     '1.2.2',
699 silly addNameRange     '1.2.4',
699 silly addNameRange     '1.2.5',
699 silly addNameRange     '1.2.6',
699 silly addNameRange     '1.3.0',
699 silly addNameRange     '1.3.1',
699 silly addNameRange     '1.4.0',
699 silly addNameRange     '1.4.1',
699 silly addNameRange     '1.4.2',
699 silly addNameRange     '1.5.0',
699 silly addNameRange     '1.5.1',
699 silly addNameRange     '1.6.0',
699 silly addNameRange     '1.7.0',
699 silly addNameRange     '1.7.1',
699 silly addNameRange     '1.8.0',
699 silly addNameRange     '2.0.0',
699 silly addNameRange     '2.0.1',
699 silly addNameRange     '2.1.0' ] ]
700 verbose addNamed [ 'gulp-notify', '2.1.0' ]
701 verbose addNamed [ '2.1.0', '2.1.0' ]
702 silly lockFile 56ef9bf6-gulp-notify-2-1-0 gulp-notify@2.1.0
703 verbose lock gulp-notify@2.1.0 /Users/joshhead/.npm/56ef9bf6-gulp-notify-2-1-0.lock
704 silly lockFile c81503f3-vinyl-fs-0-3-13 vinyl-fs@0.3.13
705 silly lockFile c81503f3-vinyl-fs-0-3-13 vinyl-fs@0.3.13
706 silly lockFile 9c88aa31-vinyl-fs-0-3-13 vinyl-fs@^0.3.13
707 silly lockFile 9c88aa31-vinyl-fs-0-3-13 vinyl-fs@^0.3.13
708 http 200 https://registry.npmjs.org/node-sass
709 silly registry.get cb [ 200,
709 silly registry.get   { date: 'Sun, 25 Jan 2015 01:33:53 GMT',
709 silly registry.get     server: 'CouchDB/1.5.0 (Erlang OTP/R16B03)',
709 silly registry.get     etag: '"6O2FGQOIR7HVYO4PG7GLJSRWK"',
709 silly registry.get     'content-type': 'application/json',
709 silly registry.get     'cache-control': 'max-age=60',
709 silly registry.get     'content-length': '101951',
709 silly registry.get     'accept-ranges': 'bytes',
709 silly registry.get     via: '1.1 varnish',
709 silly registry.get     age: '0',
709 silly registry.get     'x-served-by': 'cache-lax1433-LAX',
709 silly registry.get     'x-cache': 'HIT',
709 silly registry.get     'x-cache-hits': '1',
709 silly registry.get     'x-timer': 'S1422149633.015716,VS0,VE179',
709 silly registry.get     vary: 'Accept',
709 silly registry.get     'keep-alive': 'timeout=10, max=48',
709 silly registry.get     connection: 'Keep-Alive' } ]
710 silly lockFile 56ef9bf6-gulp-notify-2-1-0 gulp-notify@2.1.0
711 silly lockFile 56ef9bf6-gulp-notify-2-1-0 gulp-notify@2.1.0
712 silly lockFile 06ce4f1d-gulp-notify-2-1-0 gulp-notify@^2.1.0
713 silly lockFile 06ce4f1d-gulp-notify-2-1-0 gulp-notify@^2.1.0
714 silly addNameRange number 2 { name: 'node-sass',
714 silly addNameRange   range: '>=0.9.3-0 <0.10.0-0',
714 silly addNameRange   hasData: true }
715 silly addNameRange versions [ 'node-sass',
715 silly addNameRange   [ '0.2.0',
715 silly addNameRange     '0.2.1',
715 silly addNameRange     '0.2.2',
715 silly addNameRange     '0.2.3',
715 silly addNameRange     '0.2.4',
715 silly addNameRange     '0.2.5',
715 silly addNameRange     '0.2.6',
715 silly addNameRange     '0.3.0',
715 silly addNameRange     '0.4.0',
715 silly addNameRange     '0.4.1',
715 silly addNameRange     '0.4.2',
715 silly addNameRange     '0.4.3',
715 silly addNameRange     '0.4.4',
715 silly addNameRange     '0.5.0',
715 silly addNameRange     '0.5.1',
715 silly addNameRange     '0.5.2',
715 silly addNameRange     '0.5.3',
715 silly addNameRange     '0.5.4',
715 silly addNameRange     '0.6.0',
715 silly addNameRange     '0.6.1',
715 silly addNameRange     '0.6.2',
715 silly addNameRange     '0.6.3',
715 silly addNameRange     '0.6.4',
715 silly addNameRange     '0.6.5',
715 silly addNameRange     '0.6.6',
715 silly addNameRange     '0.6.7',
715 silly addNameRange     '0.7.0-alpha',
715 silly addNameRange     '0.7.0',
715 silly addNameRange     '0.8.0',
715 silly addNameRange     '0.8.1',
715 silly addNameRange     '0.8.2',
715 silly addNameRange     '0.8.3',
715 silly addNameRange     '0.8.4',
715 silly addNameRange     '0.8.5',
715 silly addNameRange     '0.8.6',
715 silly addNameRange     '0.9.0',
715 silly addNameRange     '0.9.1',
715 silly addNameRange     '0.9.2',
715 silly addNameRange     '0.9.3',
715 silly addNameRange     '0.9.4-rc1',
715 silly addNameRange     '0.9.4',
715 silly addNameRange     '0.9.5-rc1',
715 silly addNameRange     '0.9.5',
715 silly addNameRange     '0.9.6',
715 silly addNameRange     '1.0.0',
715 silly addNameRange     '1.0.1',
715 silly addNameRange     '1.0.2-alpha',
715 silly addNameRange     '1.0.2',
715 silly addNameRange     '1.0.3',
715 silly addNameRange     '1.1.0',
715 silly addNameRange     '1.1.1',
715 silly addNameRange     '1.1.2',
715 silly addNameRange     '1.1.3',
715 silly addNameRange     '1.1.4',
715 silly addNameRange     '1.2.0',
715 silly addNameRange     '1.2.1',
715 silly addNameRange     '1.2.2',
715 silly addNameRange     '1.2.3',
715 silly addNameRange     '2.0.0-beta' ] ]
716 verbose addNamed [ 'node-sass', '0.9.6' ]
717 verbose addNamed [ '0.9.6', '0.9.6' ]
718 silly lockFile 0c9257bf-node-sass-0-9-6 node-sass@0.9.6
719 verbose lock node-sass@0.9.6 /Users/joshhead/.npm/0c9257bf-node-sass-0-9-6.lock
720 silly lockFile 46e76868-rg-node-sass-node-sass-0-9-6-tgz https://registry.npmjs.org/node-sass/-/node-sass-0.9.6.tgz
721 verbose lock https://registry.npmjs.org/node-sass/-/node-sass-0.9.6.tgz /Users/joshhead/.npm/46e76868-rg-node-sass-node-sass-0-9-6-tgz.lock
722 verbose addRemoteTarball [ 'https://registry.npmjs.org/node-sass/-/node-sass-0.9.6.tgz',
722 verbose addRemoteTarball   '0f8aab5332b9bdbd075406c8b7b8fd7c48014da5' ]
723 info retry fetch attempt 1 at 17:33:53
724 verbose fetch to= /var/folders/f9/n2snxvgs40gfz88_0mgyjkgr0000gn/T/npm-1005-m7ilNctv/registry.npmjs.org/node-sass/-/node-sass-0.9.6.tgz
725 http GET https://registry.npmjs.org/node-sass/-/node-sass-0.9.6.tgz
726 http 304 https://registry.npmjs.org/gulp-compass
727 silly registry.get cb [ 304,
727 silly registry.get   { date: 'Sun, 25 Jan 2015 01:33:53 GMT',
727 silly registry.get     server: 'Apache',
727 silly registry.get     via: '1.1 varnish',
727 silly registry.get     'last-modified': 'Sun, 25 Jan 2015 01:33:53 GMT',
727 silly registry.get     'cache-control': 'max-age=60',
727 silly registry.get     etag: '"BZYNK2SF7IP844XDMD3IFA7KJ"',
727 silly registry.get     age: '0',
727 silly registry.get     'x-served-by': 'cache-lax1420-LAX',
727 silly registry.get     'x-cache': 'MISS',
727 silly registry.get     'x-cache-hits': '0',
727 silly registry.get     'x-timer': 'S1422149633.139975,VS0,VE178',
727 silly registry.get     vary: 'Accept',
727 silly registry.get     'content-length': '0',
727 silly registry.get     'keep-alive': 'timeout=10, max=45',
727 silly registry.get     connection: 'Keep-Alive' } ]
728 verbose etag https://registry.npmjs.org/gulp-compass from cache
729 silly addNameRange number 2 { name: 'gulp-compass',
729 silly addNameRange   range: '>=2.0.3-0 <3.0.0-0',
729 silly addNameRange   hasData: true }
730 silly addNameRange versions [ 'gulp-compass',
730 silly addNameRange   [ '0.0.1',
730 silly addNameRange     '0.0.2',
730 silly addNameRange     '0.0.3',
730 silly addNameRange     '0.0.4',
730 silly addNameRange     '0.0.5',
730 silly addNameRange     '0.0.6',
730 silly addNameRange     '1.0.0',
730 silly addNameRange     '1.0.1',
730 silly addNameRange     '1.0.2',
730 silly addNameRange     '1.0.3',
730 silly addNameRange     '1.0.4',
730 silly addNameRange     '1.0.5',
730 silly addNameRange     '1.0.6',
730 silly addNameRange     '1.0.7',
730 silly addNameRange     '1.0.8',
730 silly addNameRange     '1.0.9',
730 silly addNameRange     '1.1.0',
730 silly addNameRange     '1.1.1',
730 silly addNameRange     '1.1.2',
730 silly addNameRange     '1.1.3',
730 silly addNameRange     '1.1.4',
730 silly addNameRange     '1.1.5',
730 silly addNameRange     '1.1.6',
730 silly addNameRange     '1.1.7',
730 silly addNameRange     '1.1.8',
730 silly addNameRange     '1.1.9',
730 silly addNameRange     '1.2.0',
730 silly addNameRange     '1.3.0',
730 silly addNameRange     '1.3.1',
730 silly addNameRange     '1.3.2',
730 silly addNameRange     '1.3.3',
730 silly addNameRange     '2.0.0',
730 silly addNameRange     '2.0.1',
730 silly addNameRange     '2.0.2',
730 silly addNameRange     '2.0.3' ] ]
731 verbose addNamed [ 'gulp-compass', '2.0.3' ]
732 verbose addNamed [ '2.0.3', '2.0.3' ]
733 silly lockFile 2f041c41-gulp-compass-2-0-3 gulp-compass@2.0.3
734 verbose lock gulp-compass@2.0.3 /Users/joshhead/.npm/2f041c41-gulp-compass-2-0-3.lock
735 silly lockFile 2f041c41-gulp-compass-2-0-3 gulp-compass@2.0.3
736 silly lockFile 2f041c41-gulp-compass-2-0-3 gulp-compass@2.0.3
737 silly lockFile 5d34bc74-gulp-compass-2-0-3 gulp-compass@^2.0.3
738 silly lockFile 5d34bc74-gulp-compass-2-0-3 gulp-compass@^2.0.3
739 http 304 https://registry.npmjs.org/gulp-util
740 silly registry.get cb [ 304,
740 silly registry.get   { date: 'Sun, 25 Jan 2015 01:33:53 GMT',
740 silly registry.get     server: 'Apache',
740 silly registry.get     via: '1.1 varnish',
740 silly registry.get     'last-modified': 'Sun, 25 Jan 2015 01:33:53 GMT',
740 silly registry.get     'cache-control': 'max-age=60',
740 silly registry.get     etag: '"5DW25T9524DAGHZSXM5AM6209"',
740 silly registry.get     age: '0',
740 silly registry.get     'x-served-by': 'cache-lax1434-LAX',
740 silly registry.get     'x-cache': 'HIT',
740 silly registry.get     'x-cache-hits': '1',
740 silly registry.get     'x-timer': 'S1422149633.176679,VS0,VE181',
740 silly registry.get     vary: 'Accept',
740 silly registry.get     'content-length': '0',
740 silly registry.get     'keep-alive': 'timeout=10, max=46',
740 silly registry.get     connection: 'Keep-Alive' } ]
741 verbose etag https://registry.npmjs.org/gulp-util from cache
742 silly addNameRange number 2 { name: 'gulp-util',
742 silly addNameRange   range: '>=2.2.20-0 <3.0.0-0',
742 silly addNameRange   hasData: true }
743 silly addNameRange versions [ 'gulp-util',
743 silly addNameRange   [ '0.0.1',
743 silly addNameRange     '1.0.0',
743 silly addNameRange     '1.1.0',
743 silly addNameRange     '1.1.1',
743 silly addNameRange     '1.2.0',
743 silly addNameRange     '1.3.0',
743 silly addNameRange     '2.0.0',
743 silly addNameRange     '2.1.1',
743 silly addNameRange     '2.1.2',
743 silly addNameRange     '2.1.3',
743 silly addNameRange     '2.1.4',
743 silly addNameRange     '2.2.0',
743 silly addNameRange     '2.2.1',
743 silly addNameRange     '2.2.2',
743 silly addNameRange     '2.2.3',
743 silly addNameRange     '2.2.5',
743 silly addNameRange     '2.2.6',
743 silly addNameRange     '2.2.7',
743 silly addNameRange     '2.2.8',
743 silly addNameRange     '2.2.9',
743 silly addNameRange     '2.2.10',
743 silly addNameRange     '2.2.11',
743 silly addNameRange     '2.2.12',
743 silly addNameRange     '2.2.13',
743 silly addNameRange     '2.2.14',
743 silly addNameRange     '2.2.15',
743 silly addNameRange     '2.2.16',
743 silly addNameRange     '2.2.17',
743 silly addNameRange     '2.2.18',
743 silly addNameRange     '2.2.19',
743 silly addNameRange     '2.2.20',
743 silly addNameRange     '3.0.0',
743 silly addNameRange     '3.0.1',
743 silly addNameRange     '3.0.2' ] ]
744 verbose addNamed [ 'gulp-util', '2.2.20' ]
745 verbose addNamed [ '2.2.20', '2.2.20' ]
746 silly lockFile 48c194cb-gulp-util-2-2-20 gulp-util@2.2.20
747 verbose lock gulp-util@2.2.20 /Users/joshhead/.npm/48c194cb-gulp-util-2-2-20.lock
748 silly lockFile 34166e88-g-gulp-util-gulp-util-2-2-20-tgz https://registry.npmjs.org/gulp-util/-/gulp-util-2.2.20.tgz
749 verbose lock https://registry.npmjs.org/gulp-util/-/gulp-util-2.2.20.tgz /Users/joshhead/.npm/34166e88-g-gulp-util-gulp-util-2-2-20-tgz.lock
750 verbose addRemoteTarball [ 'https://registry.npmjs.org/gulp-util/-/gulp-util-2.2.20.tgz',
750 verbose addRemoteTarball   'd7146e5728910bd8f047a6b0b1e549bc22dbd64c' ]
751 info retry fetch attempt 1 at 17:33:53
752 verbose fetch to= /var/folders/f9/n2snxvgs40gfz88_0mgyjkgr0000gn/T/npm-1005-m7ilNctv/registry.npmjs.org/gulp-util/-/gulp-util-2.2.20.tgz
753 http GET https://registry.npmjs.org/gulp-util/-/gulp-util-2.2.20.tgz
754 http 200 https://registry.npmjs.org/gulp-minify-html/-/gulp-minify-html-0.1.8.tgz
755 silly lockFile 9bab543a--html-gulp-minify-html-0-1-8-tgz https://registry.npmjs.org/gulp-minify-html/-/gulp-minify-html-0.1.8.tgz
756 silly lockFile 9bab543a--html-gulp-minify-html-0-1-8-tgz https://registry.npmjs.org/gulp-minify-html/-/gulp-minify-html-0.1.8.tgz
757 silly lockFile a315fcf7-gulp-minify-html-0-1-8 gulp-minify-html@0.1.8
758 silly lockFile a315fcf7-gulp-minify-html-0-1-8 gulp-minify-html@0.1.8
759 silly lockFile 621f5112-gulp-minify-html-0-1-4 gulp-minify-html@^0.1.4
760 silly lockFile 621f5112-gulp-minify-html-0-1-4 gulp-minify-html@^0.1.4
761 http 200 https://registry.npmjs.org/gulp-if/-/gulp-if-1.2.5.tgz
762 silly lockFile 9341f4d6-js-org-gulp-if-gulp-if-1-2-5-tgz https://registry.npmjs.org/gulp-if/-/gulp-if-1.2.5.tgz
763 silly lockFile 9341f4d6-js-org-gulp-if-gulp-if-1-2-5-tgz https://registry.npmjs.org/gulp-if/-/gulp-if-1.2.5.tgz
764 silly lockFile b6784936-gulp-if-1-2-5 gulp-if@1.2.5
765 silly lockFile b6784936-gulp-if-1-2-5 gulp-if@1.2.5
766 silly lockFile cc1c858e-gulp-if-1-2-4 gulp-if@^1.2.4
767 silly lockFile cc1c858e-gulp-if-1-2-4 gulp-if@^1.2.4
768 silly lockFile 38b3ffac-pmjs-org-jquery-jquery-2-1-3-tgz https://registry.npmjs.org/jquery/-/jquery-2.1.3.tgz
769 silly lockFile 38b3ffac-pmjs-org-jquery-jquery-2-1-3-tgz https://registry.npmjs.org/jquery/-/jquery-2.1.3.tgz
770 silly lockFile 6fbd5787-jquery-2-1-3 jquery@2.1.3
771 silly lockFile 6fbd5787-jquery-2-1-3 jquery@2.1.3
772 silly lockFile 44249b43-jquery-2-1-1 jquery@^2.1.1
773 silly lockFile 44249b43-jquery-2-1-1 jquery@^2.1.1
774 http 200 https://registry.npmjs.org/gulp-util/-/gulp-util-2.2.20.tgz
775 silly lockFile 34166e88-g-gulp-util-gulp-util-2-2-20-tgz https://registry.npmjs.org/gulp-util/-/gulp-util-2.2.20.tgz
776 silly lockFile 34166e88-g-gulp-util-gulp-util-2-2-20-tgz https://registry.npmjs.org/gulp-util/-/gulp-util-2.2.20.tgz
777 silly lockFile 48c194cb-gulp-util-2-2-20 gulp-util@2.2.20
778 silly lockFile 48c194cb-gulp-util-2-2-20 gulp-util@2.2.20
779 silly lockFile dae808da-gulp-util-2-2-20 gulp-util@^2.2.20
780 silly lockFile dae808da-gulp-util-2-2-20 gulp-util@^2.2.20
781 http 200 https://registry.npmjs.org/remarkable/-/remarkable-1.4.2.tgz
782 http 200 https://registry.npmjs.org/gulp-less/-/gulp-less-2.0.1.tgz
783 silly lockFile 35320596-rg-gulp-less-gulp-less-2-0-1-tgz https://registry.npmjs.org/gulp-less/-/gulp-less-2.0.1.tgz
784 silly lockFile 35320596-rg-gulp-less-gulp-less-2-0-1-tgz https://registry.npmjs.org/gulp-less/-/gulp-less-2.0.1.tgz
785 silly lockFile 82c95d95-gulp-less-2-0-1 gulp-less@2.0.1
786 silly lockFile 82c95d95-gulp-less-2-0-1 gulp-less@2.0.1
787 silly lockFile 2326e0ff-gulp-less-2-0-1 gulp-less@^2.0.1
788 silly lockFile 2326e0ff-gulp-less-2-0-1 gulp-less@^2.0.1
789 silly lockFile 0fffb553--remarkable-remarkable-1-4-2-tgz https://registry.npmjs.org/remarkable/-/remarkable-1.4.2.tgz
790 silly lockFile 0fffb553--remarkable-remarkable-1-4-2-tgz https://registry.npmjs.org/remarkable/-/remarkable-1.4.2.tgz
791 silly lockFile 6aa0a6e9-remarkable-1-4-2 remarkable@1.4.2
792 silly lockFile 6aa0a6e9-remarkable-1-4-2 remarkable@1.4.2
793 silly lockFile b2c835ed-remarkable-1-4-0 remarkable@~1.4.0
794 silly lockFile b2c835ed-remarkable-1-4-0 remarkable@~1.4.0
795 http 200 https://registry.npmjs.org/node-sass/-/node-sass-0.9.6.tgz
796 silly lockFile 46e76868-rg-node-sass-node-sass-0-9-6-tgz https://registry.npmjs.org/node-sass/-/node-sass-0.9.6.tgz
797 silly lockFile 46e76868-rg-node-sass-node-sass-0-9-6-tgz https://registry.npmjs.org/node-sass/-/node-sass-0.9.6.tgz
798 silly lockFile 0c9257bf-node-sass-0-9-6 node-sass@0.9.6
799 silly lockFile 0c9257bf-node-sass-0-9-6 node-sass@0.9.6
800 silly lockFile 930c0e3e-node-sass-0-9-3 node-sass@~0.9.3
801 silly lockFile 930c0e3e-node-sass-0-9-3 node-sass@~0.9.3
802 error Error: EACCES, mkdir '/Users/joshhead/.npm/gulp-util/2.2.20'
802 error  { [Error: EACCES, mkdir '/Users/joshhead/.npm/gulp-util/2.2.20']
802 error   errno: 3,
802 error   code: 'EACCES',
802 error   path: '/Users/joshhead/.npm/gulp-util/2.2.20',
802 error   parent: 'dial4dough.com' }
803 error Please try running this command again as root/Administrator.
804 error System Darwin 13.4.0
805 error command "node" "/usr/local/bin/npm" "install"
806 error cwd /Users/joshhead/Documents/Github/dial4dough.dev
807 error node -v v0.10.35
808 error npm -v 1.4.28
809 error path /Users/joshhead/.npm/gulp-util/2.2.20
810 error code EACCES
811 error errno 3
812 error stack Error: EACCES, mkdir '/Users/joshhead/.npm/gulp-util/2.2.20'
813 verbose exit [ 3, true ]
